school_code,school_name,category,sub_district,lp_up_students,lp_up_teachers,lp_up_ptr,review_flag
48425,Mooleppadam GLPS,LPS,Nilambur,6,0,,no_lp_up_teacher
48129,I G M M R S Nilambur,HSS,Nilambur,193,2,96.5,high_ptr
18505,G.L.P.S. Arukizhaya,LPS,Manjeri,60,1,60.0,high_ptr
18021,G B H S S Manjeri,VHSE,Manjeri,593,10,59.3,high_ptr
48047,VMCGHSS Wandoor,HSS,Wandoor,325,6,54.2,high_ptr
19453,G. M. U. P. S. Venniyur,UPS,Parappanangadi,1956,39,50.2,high_ptr
18013,G.B.H.S.S Malappuram,HSS,Malappuram,144,3,48.0,high_ptr
19866,GUPS Klari,UPS,Vengara,1890,40,47.2,high_ptr
18072,G.H.S.S. Kottappuram,HSS,Kondotty,228,5,45.6,high_ptr
18438,G.L.P.S. Melmuri North,LPS,Malappuram,227,5,45.4,high_ptr
18058,G H S S Perintalmanna,HSS,Perinthalmanna,216,5,43.2,
48051,G H S S Thiruvali,HSS,Wandoor,541,13,41.6,
19244,G. H. W. L. P. S. Maravancheri,UPS,Edappal,166,4,41.5,
19229,G. L. P. S. Thrikkanapuram,LPS,Edappal,199,5,39.8,
48536,Thiruvali GLPS,LPS,Wandoor,397,10,39.7,
48532,Santhinagar GLPS,LPS,Wandoor,315,8,39.4,
18057,G H S S Pulamanthole,HSS,Perinthalmanna,353,9,39.2,
48457,Kurumbalangode GUPS,UPS,Nilambur,703,18,39.1,
19301,G. L. P. S. Athippetta,LPS,Kuttippuram,78,2,39.0,
48516,Koithakundu GLPS,LPS,Wandoor,192,5,38.4,
48052,G H S S Karuvarakundu,HSS,Wandoor,764,20,38.2,
18023,G.G.H.S.S. Manjeri,HSS,Manjeri,152,4,38.0,
19439,G. U. P. S. Ariyallur,UPS,Parappanangadi,1249,33,37.8,
19216,G. B. L. P. S. Mudur,LPS,Edappal,75,2,37.5,
18032,G.R.H.S.S Kottakkal,HSS,Malappuram,597,16,37.3,
18535,G M L P S Mariyad,LPS,Manjeri,149,4,37.2,
18204,GLPS Kizhisseri,UPS,Kizhisseri,853,23,37.1,
19856,GLPS Parambilpeedika,LPS,Vengara,754,21,35.9,
18027,G H S S Pandikkad,HSS,Manjeri,857,24,35.7,
18065,G H S S Mankada,VHSE,Mankada,419,12,34.9,
18365,G.M.U.P.S. Arimbra,UPS,Kondotty,727,21,34.6,
19317,G. L. P. S. Kalpakancheri,LPS,Kuttippuram,518,15,34.5,
18723,GMLPS Muthiramanna,LPS,Perinthalmanna,69,2,34.5,
19002,G M H S S C U Campus,HSS,Vengara,379,11,34.5,
19043,P. C. N. G. H. S. S. Mookkuthala,HSS,Edappal,509,15,33.9,
48317,G.M.L.P.S. Nenmini,LPS,Melattur,268,8,33.5,
48478,Kattumunda East GUPS,UPS,Nilambur,770,23,33.5,
18548,G.M.L.P.S. Pathappiriyam,LPS,Manjeri,232,7,33.1,
18012,G.G.H.S.S. Malappuram,HSS,Malappuram,265,8,33.1,
18626,G L P S Palakaparambil,LPS,Mankada,99,3,33.0,
19669,G. M. U. P. S. Kodinhi,UPS,Tanur,890,27,33.0,
19447,G. M. U. P. S. Parakkadavu,UPS,Parappanangadi,1175,36,32.6,
19881,GUPS Mundothuparamba,UPS,Vengara,649,20,32.5,
19828,G M L P S Karathode,LPS,Vengara,454,14,32.4,
18078,G H S S Kadungapuram,HSS,Mankada,777,24,32.4,
18476,G.U.P.S. Muthiriparamba,UPS,Malappuram,485,15,32.3,
48531,Pulvetta GLPS,LPS,Wandoor,290,9,32.2,
19769,G. U. P. S. Chamravattam,UPS,Tirur,1054,33,31.9,
19816,GMLPS Koomanna,LPS,Vengara,223,7,31.9,
48533,Tharish GLPS,LPS,Wandoor,446,14,31.9,
19679,G. M. U. P. S. Cheerankadappuram,UPS,Tanur,573,18,31.8,
48063,G.H.S.S. Pattikkad,HSS,Melattur,317,10,31.7,
19859,GUPS AR Nagar,UPS,Vengara,633,20,31.6,
18435,G.L.P.S. Kodur,LPS,Malappuram,63,2,31.5,
18525,G.M.L.P.S. Kodasseri,LPS,Manjeri,378,12,31.5,
48441,Pullippadam GLPS,LPS,Nilambur,157,5,31.4,
48050,G H S S Vaniyambalam,HSS,Wandoor,439,14,31.4,
48528,Poongode GLPS,LPS,Wandoor,313,10,31.3,
19077,GHSS Puthuparamba,HSS,Vengara,1088,35,31.1,
19833,GLPS Olakara,LPS,Vengara,404,13,31.1,
19767,G. M. U. P. S. BP Angadi,UPS,Tirur,1051,34,30.9,
18576,G.M.U.P.S. Melakkam,UPS,Manjeri,216,7,30.9,
48553,Kalikavu Bazar G M U P S,UPS,Wandoor,1202,39,30.8,
18356,G.L.P.S. ThurakkaL,LPS,Kondotty,245,8,30.6,
18440,G.L.P.S. Paranki Moochikkal,LPS,Malappuram,367,12,30.6,
19022,G. V. H. S. S. Kalpakanchery,VHSE,Kuttippuram,795,26,30.6,
18660,G U P S Koottilangadi,UPS,Mankada,489,16,30.6,
19862,CHAKKEERI AHAMMED KUTTY MEMORIAL G.M.U.P.S.CHERUR,UPS,Vengara,1327,44,30.2,
18436,G.L.P.S. Kottakkal,LPS,Malappuram,120,4,30.0,
18475,G.U.P.S. Kottakkal,UPS,Malappuram,600,20,30.0,
48141,G H S Perakamanna,HS,Areacode,660,22,30.0,
18008,G.V.H.S.S. Kondotty,VHSE,Kondotty,239,8,29.9,
18474,G.M.U.P.S. Melmuri,UPS,Malappuram,895,30,29.8,
19417,G. L. P. S. Venniyur,LPS,Parappanangadi,149,5,29.8,
48419,Mamankara GLPS,LPS,Nilambur,506,17,29.8,
19026,D. G. H. S. S. Tanur,HSS,Tanur,892,30,29.7,
19519,G. M. L. P. S. Veliyancode,LPS,Ponnani,89,3,29.7,
18586,Anakkayam GP Govt. UP School Pandallur,UPS,Manjeri,946,32,29.6,
18477,G.U.P.S. Ponmala,UPS,Malappuram,590,20,29.5,
19034,G. H. S. S. Kadanchery,HSS,Edappal,206,7,29.4,
18542,G M L P S Pandallur,LPS,Manjeri,234,8,29.2,
18574,G U P S Pullur,UPS,Manjeri,935,32,29.2,
19855,GLPS Orakam Kizhumuri,UPS,Vengara,583,20,29.1,
48558,G H S Neelanchery,HS,Wandoor,670,23,29.1,
18541,G.L.P.S. Pandallur,LPS,Manjeri,290,10,29.0,
18730,GMLPS Perinthalmanna Central,LPS,Perinthalmanna,290,10,29.0,
18384,G.M.U.P.S. Kondotty,UPS,Kondotty,811,28,29.0,
19016,G. B. H. S. S. Tirur,HSS,Tirur,405,14,28.9,
18473,G.M.U.P.S. Kottakkal,UPS,Malappuram,720,25,28.8,
19808,GMLPS Edakkaparamba,LPS,Vengara,403,14,28.8,
18221,GMLPS Pookalathur,LPS,Kizhisseri,259,9,28.8,
48540,Vaniyambalam CKAGLPS,LPS,Wandoor,402,14,28.7,
48226,GLPS Thavarapparamba,LPS,Areacode,343,12,28.6,
48502,Akkarakulam GLPS,LPS,Wandoor,200,7,28.6,
19067,G. H. S. S. Cheriyamundam,HSS,Tanur,114,4,28.5,
48205,G L P S Chengara,LPS,Areacode,228,8,28.5,
48513,Karuvarakundu GLPS,LPS,Wandoor,511,18,28.4,
19824,GMLPS Orakam Kizhmuri,LPS,Vengara,311,11,28.3,
19434,G. M. L. P. S. Parappanangadi Town,UPS,Parappanangadi,310,11,28.2,
48520,Mampuzha GLPS,LPS,Wandoor,338,12,28.2,
19359,G. M. H. S. Karippole,HS,Kuttippuram,732,26,28.2,
19008,G. H. S. S. Tirurangadi,HSS,Parappanangadi,422,15,28.1,
18205,GLPS Kuzhimanna,LPS,Kizhisseri,280,10,28.0,
19449,G. W. U. P. S. Trikkulam,UPS,Parappanangadi,364,13,28.0,
48519,Mampattumoola GLPS,LPS,Wandoor,336,12,28.0,
18472,G.M.U.P.S. Irumbuzhi,UPS,Malappuram,1060,38,27.9,
48237,GMUPS Areacode,UPS,Areacode,669,24,27.9,
48538,Thuvvur GLPS,LPS,Wandoor,445,16,27.8,
19781,G. M. U. P. S. Paravanna,UPS,Tirur,611,22,27.8,
18069,S H M G V H S S Edavanna,VHSE,Manjeri,277,10,27.7,
19205,G. L. P. S. Chiyanur,LPS,Edappal,83,3,27.7,
19779,G. M. U. P. S. Tirur,UPS,Tirur,939,34,27.6,
18569,G.U.P.S. Anakkayam,UPS,Manjeri,414,15,27.6,
19699,G. U. P. S Niramaruthur,UPS,Tanur,993,36,27.6,
48452,Amarambalam South GUPS,UPS,Nilambur,386,14,27.6,
19871,GUPS Thenhippalam,UPS,Vengara,634,23,27.6,
48469,Paramba G U P S,UPS,Nilambur,851,31,27.5,
19451,G. H. S. Trikkulam,HS,Parappanangadi,713,26,27.4,
19324,G. M. L. P. S. Kanancheri,LPS,Kuttippuram,82,3,27.3,
19804,GMLPS Cherukunnu,LPS,Vengara,82,3,27.3,
48545,Chadangamkulam GLPS,UPS,Wandoor,326,12,27.2,
19775,G. U. P. S. Purathur,UPS,Tirur,1113,41,27.1,
48410,Edivanna Estate GLPS,LPS,Nilambur,217,8,27.1,
19663,G. L. P. S. Pariyapuram,UPS,Tanur,271,10,27.1,
18301,G.M.L.P.S. Akkode,LPS,Kondotty,81,3,27.0,
18349,G.L.P.S. Paravoor,LPS,Kondotty,54,2,27.0,
48482,Pulliyil GUPS,UPS,Nilambur,540,20,27.0,
48521,Mundakkode GLPS,LPS,Wandoor,108,4,27.0,
18664,G U P S Mankada Pallippuram,UPS,Mankada,647,24,27.0,
18737,GMLPS Thazhekode,LPS,Perinthalmanna,511,19,26.9,
48077,G H S S Moothedath,HSS,Nilambur,511,19,26.9,
18316,G.L.P.S. Karad,LPS,Kondotty,267,10,26.7,
48501,Adakkakundu GLPS,LPS,Wandoor,160,6,26.7,
48431,GMLPS Nilambur,LPS,Nilambur,533,20,26.6,
19042,G. H. S. S. Perassannur,HSS,Kuttippuram,373,14,26.6,
19308,G. L. P. S. Cheruparamba,LPS,Kuttippuram,212,8,26.5,
18368,G.H.S. Chaliyappuram,HS,Kondotty,662,25,26.5,
48253,GUPS Chengara,UPS,Areacode,503,19,26.5,
19310,G. L. P. S. Chottur,LPS,Kuttippuram,211,8,26.4,
18028,G V H S S Nellikuth,VHSE,Manjeri,893,34,26.3,
18666,Govt. U P School Pang,UPS,Mankada,893,34,26.3,
18375,G.M.U.P.S. Ozhukur,UPS,Kondotty,1204,46,26.2,
19313,G. M. L. P. S. Kallarmangalam,LPS,Kuttippuram,157,6,26.2,
48203,GLPS Chemrakattur,LPS,Areacode,340,13,26.2,
18437,G.L.P.S. Malappruam,LPS,Malappuram,261,10,26.1,
19667,G. U. P. S. Karingappara,UPS,Tanur,834,32,26.1,
18352,G.L.P.S. Puthucode,LPS,Kondotty,208,8,26.0,
18612,G L P S Karkidakam,LPS,Mankada,130,5,26.0,
48551,Chokkad GMUPS,UPS,Wandoor,416,16,26.0,
48559,Pazhayakadakkal GUPS,UPS,Wandoor,650,25,26.0,
19054,G. H. S. S. Maranchery,HSS,Ponnani,363,14,25.9,
48038,G H S S Pullangode,HSS,Wandoor,285,11,25.9,
18657,G L P S Padinhattummuri,UPS,Mankada,438,17,25.8,
48140,GHS Vadasseri,HS,Areacode,644,25,25.8,
19365,G. U. P. S. Randathani,UPS,Kuttippuram,412,16,25.8,
19613,G. L. P. S. Kanmanam,LPS,Tanur,103,4,25.8,
48243,GUPS Moorkanad,UPS,Areacode,901,35,25.7,
18219,GLPS Parathakkad,LPS,Kizhisseri,180,7,25.7,
19661,G. M. L. P. S. Kuttippala,UPS,Tanur,257,10,25.7,
48138,GHS Munderi,HS,Nilambur,410,16,25.6,
18739,GMLPS Thootha,LPS,Perinthalmanna,153,6,25.5,
48001,G H S S Areacode,HSS,Areacode,255,10,25.5,
48219,GLPS Palappatta,LPS,Areacode,102,4,25.5,
18443,G.L.P.S. Pookottur Old,LPS,Malappuram,356,14,25.4,
18075,G H S S Kunnakkavu,HSS,Perinthalmanna,381,15,25.4,
19864,GMUPS Kannamangalam,UPS,Vengara,507,20,25.4,
19537,G. L. P. S. Velleri,UPS,Ponnani,76,3,25.3,
19826,GLPS Nottappuram,LPS,Vengara,228,9,25.3,
48326,M.P.G.L.P.S. Puthanpally,LPS,Melattur,76,3,25.3,
19443,G. U. P. S. Moonniyur,UPS,Parappanangadi,430,17,25.3,
48527,Pookkulam GLPS,LPS,Wandoor,202,8,25.2,
19662,G. L. P. S. Ozhur,UPS,Tanur,327,13,25.2,
48144,GHS Marutha,HS,Nilambur,704,28,25.1,
19671,G H S Meenadathur,HS,Tanur,930,37,25.1,
18653,G L P S Vellila,LPS,Mankada,326,13,25.1,
19544,G. F. U. P. S. Kadavanad,UPS,Ponnani,526,21,25.0,
19867,GHS Kolappuram,HS,Vengara,601,24,25.0,
19414,G. L. P. S. Thirurangadi,LPS,Parappanangadi,325,13,25.0,
18220,GLPS Ponnad,LPS,Kizhisseri,324,13,24.9,
19863,G U P S Cholakundu,UPS,Vengara,598,24,24.9,
48549,G.H.S Anchachavadi,HS,Wandoor,895,36,24.9,
19820,G L P S Othukkungal,LPS,Vengara,223,9,24.8,
18528,G.M.L.P.S. Mangalasseri,LPS,Manjeri,322,13,24.8,
18588,G.M.U.P.S. Vettikattiri,UPS,Manjeri,198,8,24.8,
18634,G L P S Meenarkuzhi,LPS,Mankada,173,7,24.7,
48411,Karimbuzha GMLPS,LPS,Nilambur,173,7,24.7,
19339,G. L. P. S. Naduvattam,LPS,Kuttippuram,222,9,24.7,
19249,G. U. P. S. Kololamba,UPS,Edappal,345,14,24.6,
48414,GLPS Kattumunda East,LPS,Nilambur,345,14,24.6,
48139,G.H.S. Kappu,HS,Melattur,763,31,24.6,
18330,G.M.L.P.S. Melangadi,LPS,Kondotty,344,14,24.6,
19254,K. M. G. U. P. S. Thavanur,UPS,Edappal,737,30,24.6,
19664,G. L. P. S. Tanur,UPS,Tanur,417,17,24.5,
48330,G.L.P.S. Chemmaniyode,UPS,Melattur,245,10,24.5,
18332,G.M.L.P.S. Morayur,LPS,Kondotty,269,11,24.5,
18731,GLPS Perinthalmanna East,LPS,Perinthalmanna,171,7,24.4,
48210,GLPS Kavanur,LPS,Areacode,244,10,24.4,
18362,G.L.P.S. Vettathur,LPS,Kondotty,219,9,24.3,
48455,Eranhimangad GUPS,UPS,Nilambur,680,28,24.3,
48557,Maliyekkal GUPS,UPS,Wandoor,510,21,24.3,
48479,Konnamanna GUPS,UPS,Nilambur,97,4,24.2,
18009,GHSS POOKKOTTUR,HSS,Malappuram,412,17,24.2,
48463,Myladi GUPS,UPS,Nilambur,315,13,24.2,
19512,G. L. P. S. Theyyangad,LPS,Ponnani,458,19,24.1,
19805,GMLPS C.U. Campus,LPS,Vengara,361,15,24.1,
19868,G H S Kuruka,HS,Vengara,793,33,24.0,
48530,Pullengode GMLPS,LPS,Wandoor,192,8,24.0,
18373,G.M.U.P.S. Chirayil,UPS,Kondotty,1053,44,23.9,
48137,G H S Vettilappara,HS,Areacode,574,24,23.9,
48448,Veettikuth GLPS,LPS,Nilambur,262,11,23.8,
19543,G. M. U. P. S. Veliyancode South,UPS,Ponnani,595,25,23.8,
19774,G. M. U. P. S. Edakkanad,UPS,Tirur,404,17,23.8,
48526,Pazhedam Panampoyil GLPS,LPS,Wandoor,285,12,23.8,
18235,GMUPS Kizhisseri,UPS,Kizhisseri,522,22,23.7,
19872,GUPS Valiyora,UPS,Vengara,522,22,23.7,
48333,G.M.U.P.S. Oravambram,UPS,Melattur,593,25,23.7,
18434,G.L.P.S. Choonur,LPS,Malappuram,166,7,23.7,
18572,G.U.P.S. Elankur,UPS,Manjeri,450,19,23.7,
18471,G.M.U.P.S. Chemmankadavu,UPS,Malappuram,733,31,23.6,
19509,G. L. P. S. Purang,LPS,Ponnani,165,7,23.6,
48100,GHSS Edakkara,HSS,Nilambur,633,27,23.4,
48134,G. H. S Pannippara,HS,Areacode,844,36,23.4,
19602,G. M. L. P. S. Cherumukku,LPS,Tanur,375,16,23.4,
19840,GLPS Pukayur,LPS,Vengara,164,7,23.4,
19445,GHS Neduva,HS,Parappanangadi,467,20,23.4,
19073,GHSS Peruvallur,HSS,Vengara,606,26,23.3,
48225,GLPS Thachanna,LPS,Areacode,326,14,23.3,
19119,G. H. S. S. Ponmundam,HSS,Tanur,582,25,23.3,
18448,G.M.L.P.S. Irumbuzhi,LPS,Malappuram,256,11,23.3,
18217,GLPS Parappur,LPS,Kizhisseri,93,4,23.2,
48523,Pallisseri GLPS,LPS,Wandoor,116,5,23.2,
19024,G. H. S. S. Kattilangadi,HSS,Tanur,672,29,23.2,
48227,GLPS Thencheri,LPS,Areacode,278,12,23.2,
48214,GLPS Kozhakottur,LPS,Areacode,208,9,23.1,
19363,G. U. P. S. Koodasseri,UPS,Kuttippuram,530,23,23.0,
18510,G.L.P.S. Cheruvannur,LPS,Manjeri,230,10,23.0,
19013,GVHSS Vengara,VHSE,Vengara,276,12,23.0,
19322,G. L. P. S. Kattipparuthi,LPS,Kuttippuram,69,3,23.0,
48224,GMLPS Puthalam,LPS,Areacode,115,5,23.0,
48320,G.L.P.S. Kombamkallu,LPS,Melattur,92,4,23.0,
18206,GLPS Kuzhimanna II South,LPS,Kizhisseri,275,12,22.9,
19040,G. H. S. S. Kuttippuram,HSS,Kuttippuram,183,8,22.9,
19836,GLPS Peruvallur,LPS,Vengara,183,8,22.9,
18150,GHS CHERIYAM MANKADA,HS,Mankada,478,21,22.8,
18539,G.M.L.P.S. Nellikuth North,LPS,Manjeri,227,10,22.7,
18557,G.L.P.S. Valarad,LPS,Manjeri,136,6,22.7,
18674,G U P S Panagangara,UPS,Mankada,340,15,22.7,
19208,G. L. P. S. Kaladi,LPS,Edappal,181,8,22.6,
18335,G.L.P.S. Mundumuzhi,LPS,Kondotty,113,5,22.6,
19814,GMLPS Kilinakode,LPS,Vengara,271,12,22.6,
18758,GMUPS Valapuram,UPS,Perinthalmanna,587,26,22.6,
19214,G. L. P. S. Mookkuthala,LPS,Edappal,180,8,22.5,
48242,GUPS Maithra,UPS,Areacode,607,27,22.5,
48504,Amapoyil GLPS,LPS,Wandoor,202,9,22.4,
48445,Vadapuram GMLPS,LPS,Nilambur,112,5,22.4,
18567,G.M.L.P.S. Pandikkad,UPS,Manjeri,179,8,22.4,
19357,G. H. S. Athavanad,HS,Kuttippuram,648,29,22.3,
19605,G. M. L. P. S. Cheruvannur,LPS,Tanur,268,12,22.3,
18223,GMLPS Thavanur,LPS,Kizhisseri,223,10,22.3,
19673,G. M. U. P. S. Tanur Town,UPS,Tanur,602,27,22.3,
48415,Kavalamukkatta GLPS,LPS,Nilambur,156,7,22.3,
19429,G. F. L. P. S. Kadalundi,UPS,Parappanangadi,89,4,22.2,
48136,C K H M G.H.S. Edappatta,HS,Melattur,178,8,22.2,
18529,G.M.L.P.S. Manhapatta,LPS,Manjeri,200,9,22.2,
18628,G L P S Pang,LPS,Mankada,111,5,22.2,
19853,GMLPS Koyappa,UPS,Vengara,111,5,22.2,
18583,G.U.P.S. Veembur,UPS,Manjeri,488,22,22.2,
19616,G. M. L. P. S. Korad,LPS,Tanur,266,12,22.2,
18230,GLPS Vilayil Parappur,LPS,Kizhisseri,155,7,22.1,
19436,G. M. L. P. S. Velimukku,UPS,Parappanangadi,155,7,22.1,
48216,GLPS Kuniyil South,LPS,Areacode,242,11,22.0,
48304,G.L.P.S. Cheriparamba,LPS,Melattur,132,6,22.0,
48321,G.L.P.S. Pattikkad,LPS,Melattur,242,11,22.0,
19640,G. M. L. P. S. Tanur North,LPS,Tanur,197,9,21.9,
19635,G. L. P. S. Rayirimangalam East,LPS,Tanur,175,8,21.9,
48244,GMUPS Mundambra,UPS,Areacode,634,29,21.9,
48416,Konamunda GLPS,LPS,Nilambur,153,7,21.9,
19312,G. W. L. P. S. Irimbliyam,LPS,Kuttippuram,109,5,21.8,
18590,GLPS ANAKKOTTUPURAM,LPS,Manjeri,174,8,21.8,
18618,G L P S Mankada,LPS,Mankada,261,12,21.8,
19777,G. U. P. S. Purathupadinjarekkara,UPS,Tirur,368,17,21.6,
19014,GMVHSS Vengara Town,VHSE,Vengara,497,23,21.6,
19319,G. L. P. S. Karaikkad,LPS,Kuttippuram,237,11,21.5,
19348,G. L. P. S. Vadakkumbram,LPS,Kuttippuram,237,11,21.5,
18450,G.M.L.P.S. Kuttasserikulamba,LPS,Malappuram,258,12,21.5,
18640,G L P S Puthanangadi,LPS,Mankada,129,6,21.5,
19225,G. L. P. S. Sukapuram,LPS,Edappal,43,2,21.5,
19611,G. L. P. S. Klari West,LPS,Tanur,86,4,21.5,
18532,G.L.P.S. Manjeri,LPS,Manjeri,365,17,21.5,
18447,G.M.L.P.S. Chappanangadi,LPS,Malappuram,257,12,21.4,
18442,G.L.P.S. Pookottur New,LPS,Malappuram,214,10,21.4,
18563,G.L.P.S. Vettikkattiri,LPS,Manjeri,107,5,21.4,
48466,Nilambur GMUPS,UPS,Nilambur,428,20,21.4,
19838,GMLPS Puthur,LPS,Vengara,128,6,21.3,
18645,G M L P S Vadakkangara,LPS,Mankada,234,11,21.3,
18326,G.M.L.P.S. Kumminiparamba,LPS,Kondotty,170,8,21.2,
19660,G. L. P. S. K.Puram,UPS,Tanur,361,17,21.2,
18562,G.U.P.S. Vettekkode,UPS,Manjeri,318,15,21.2,
18616,G L P S Kuruva,LPS,Mankada,212,10,21.2,
18637,G L P S Pothukundu,LPS,Mankada,106,5,21.2,
18716,GLPS Kunnakkavu,LPS,Perinthalmanna,338,16,21.1,
48515,Kizhakkethala GLPS,LPS,Wandoor,169,8,21.1,
19045,G. H. S. S. Trikkavu,HSS,Ponnani,358,17,21.1,
18139,Govt High School Muthuvallur,HSS,Kizhisseri,315,15,21.0,
18329,G.M.L.P.S. Mapprom,LPS,Kondotty,84,4,21.0,
18568,G.L.P.S. Pookkuth,UPS,Manjeri,210,10,21.0,
18736,GMLPS Puthur,LPS,Perinthalmanna,231,11,21.0,
19246,G. M. U. P. S. Edappal,UPS,Edappal,315,15,21.0,
19556,GLPS Kadavanad,LPS,Ponnani,84,4,21.0,
19830,GLPS Orakam Melmuri,LPS,Vengara,189,9,21.0,
18677,MPGUP SCHOOL VADAKKANGARA,UPS,Mankada,482,23,21.0,
18232,G U P S Cheecode,UPS,Kizhisseri,523,25,20.9,
48435,Pathirippadam GLPS,LPS,Nilambur,167,8,20.9,
19055,G. H. S. S. Veliancode,HSS,Ponnani,83,4,20.8,
48468,Pallikuth GUPS,UPS,Nilambur,289,14,20.6,
19412,G. M. L. P. S. Thirurangadi,LPS,Parappanangadi,206,10,20.6,
19441,G. M. U. P. S. Kakkad,UPS,Parappanangadi,719,35,20.5,
18331,G.L.P.S. Morayur,LPS,Kondotty,205,10,20.5,
18578,G.U.P.S. Pathappiriyam,UPS,Manjeri,715,35,20.4,
19433,G. L. P. S. Parappanangadi,UPS,Parappanangadi,245,12,20.4,
19624,G. M. L. P. S. Panangattur,LPS,Tanur,163,8,20.4,
18531,G.M.L.P.S. Manjeri East,LPS,Manjeri,61,3,20.3,
18388,G.U.P.S. Neerad,UPS,Kondotty,142,7,20.3,
18441,G.L.P.S. Peringottupulam,LPS,Malappuram,81,4,20.2,
19364,G. U. P. S. Painkannur,UPS,Kuttippuram,283,14,20.2,
18523,G.M.L.P.S. Kidangazhi,LPS,Manjeri,303,15,20.2,
19716,G. M. L. P. S. Kuttayi South,LPS,Tirur,101,5,20.2,
18305,G.L.P.S. Arimbra Melmuri,LPS,Kondotty,222,11,20.2,
18315,G.M.L.P.S. Kanhiraparamba,LPS,Kondotty,222,11,20.2,
18551,G.L.P.S. Pulath,LPS,Manjeri,181,9,20.1,
18318,G.M.L.P.S. Karippur,LPS,Kondotty,261,13,20.1,
19410,G. M. U. P. S. Puthan Kadappuram,UPS,Parappanangadi,261,13,20.1,
18514,G.M.L.P.S. Edavanna,LPS,Manjeri,160,8,20.0,
18524,G.L.P.S. Kizhakkuparamba,LPS,Manjeri,180,9,20.0,
19633,G. M. L. P. S. Puthiyakadppuram North,LPS,Tanur,200,10,20.0,
48310,G.L.P.S. Kizhakkumpadam,LPS,Melattur,139,7,19.9,
19725,G. M. L. P. S. Pachattiri,LPS,Tirur,119,6,19.8,
48222,GLPS Pavanna,LPS,Areacode,99,5,19.8,
48413,GMLPS Panthalingal,LPS,Nilambur,79,4,19.8,
18010,G.V.H.S.S. Pullanur,VHSE,Malappuram,196,10,19.6,
19822,GMLPS Mampuram,LPS,Vengara,98,5,19.6,
19335,G. L. P. S. Mankeri,LPS,Kuttippuram,97,5,19.4,
19255,G. U. P. S. Vellanchery,UPS,Edappal,232,12,19.3,
19337,G. L. P. S. Melmuri,LPS,Kuttippuram,174,9,19.3,
19802,GMLPS Cherur,LPS,Vengara,58,3,19.3,
48213,GLPS Kizhuparamba South,LPS,Areacode,58,3,19.3,
48529,V.M.D Memorial Govt L.P.S Porur,LPS,Wandoor,116,6,19.3,
18555,G.L.P.S. Thottupoyil,LPS,Manjeri,154,8,19.2,
19304,G. M. L. P. S. Ayirani,LPS,Kuttippuram,77,4,19.2,
48049,G G V H S S Wandoor,VHSE,Wandoor,385,20,19.2,
19812,GLPS Klari,LPS,Vengara,173,9,19.2,
18354,G.L.P.S. Thadathilparamba,LPS,Kondotty,134,7,19.1,
18592,GMLP School ANAKKAYAM,LPS,Manjeri,57,3,19.0,
19235,G. J. B. S. Vattamkulam,LPS,Edappal,57,3,19.0,
19738,G. M. L. P. S. Valiya Parappur,LPS,Tirur,152,8,19.0,
18725,GLPS Pallikunnu,LPS,Perinthalmanna,170,9,18.9,
19306,G. L. P. S. Chellur,LPS,Kuttippuram,170,9,18.9,
19222,G. L. P. S. Perumparamba,LPS,Edappal,151,8,18.9,
48420,Mampad North GMLPS,LPS,Nilambur,151,8,18.9,
48408,GLPS Chungathara Panchayath,LPS,Nilambur,132,7,18.9,
48447,Varikkal GLPS,LPS,Nilambur,132,7,18.9,
18607,G L P S Chovana,LPS,Mankada,113,6,18.8,
19063,G.H. S. S. Kokkur,HSS,Edappal,339,18,18.8,
48422,Mankuth GLPS,LPS,Nilambur,94,5,18.8,
18234,GUPS Kadungallur,UPS,Kizhisseri,432,23,18.8,
18380,G.M.U.P.S. Vazhakkad,UPS,Kondotty,469,25,18.8,
18728,GLPS Parakkalmukku,LPS,Perinthalmanna,75,4,18.8,
19841,GLPS Thattancherimala,LPS,Vengara,56,3,18.7,
48090,G V H S S Kizhuparamba,VHSE,Areacode,205,11,18.6,
48407,Chungathara G L P S,LPS,Nilambur,149,8,18.6,
18461,G.M.L.P.S. Pookottur,UPS,Malappuram,74,4,18.5,
19345,G. L. P. S. Perumparamba Moodal,LPS,Kuttippuram,148,8,18.5,
19631,G. M. L. P. S. Ponmundam South,LPS,Tanur,111,6,18.5,
48339,G.L.P.S. Edappatta,LPS,Melattur,74,4,18.5,
18226,GLPS Valamangalam,LPS,Kizhisseri,166,9,18.4,
18717,GLPS Kappumugham,LPS,Perinthalmanna,129,7,18.4,
48539,Uthirampoyil GLPS,LPS,Wandoor,129,7,18.4,
19253,G. U. P. S. Pothanur,UPS,Edappal,257,14,18.4,
19227,G. L. P. S. Thuyyam,LPS,Edappal,55,3,18.3,
19514,G. L. P. S. Veliyancode New,LPS,Ponnani,183,10,18.3,
18138,G.H.S.S Chullikkode,HSS,Kizhisseri,292,16,18.2,
19539,G. U. P. S. Cheruvayikkara,UPS,Ponnani,146,8,18.2,
19626,G. M. L. P. S. Parapputhadam,LPS,Tanur,73,4,18.2,
48439,Poolappadam GLPS,LPS,Nilambur,146,8,18.2,
18565,G.L.P.S. Cherankuth,UPS,Manjeri,91,5,18.2,
19727,G. M. L. P. S. SouthPallar,LPS,Tirur,91,5,18.2,
18228,GLPS Vilayil,LPS,Kizhisseri,72,4,18.0,
18449,G.M.L.P.S. Kolmanna,LPS,Malappuram,54,3,18.0,
18566,K.M Musthafa Memorial G.L.P.S. Mundengara,UPS,Manjeri,108,6,18.0,
19251,G. U. P. S. Othalur,UPS,Edappal,180,10,18.0,
18517,G.M.L.P.S. Karakunnu,LPS,Manjeri,179,10,17.9,
18346,G.L.P.S. Panikkarapuraya,LPS,Kondotty,107,6,17.8,
19401,G. L. P. S. Anappadi,LPS,Parappanangadi,178,10,17.8,
19430,G. L .P. S. Melodiparamba,LPS,Parappanangadi,71,4,17.8,
19331,G. L. P. S. Kuttippuram North,LPS,Kuttippuram,124,7,17.7,
18507,G.L.P.S. Chembakuth,LPS,Manjeri,53,3,17.7,
19622,G. L. P. S. Nannambra,LPS,Tanur,106,6,17.7,
18302,G.M.L.P.S. Alparamba,LPS,Kondotty,141,8,17.6,
48135,GHS Kappilkarad,HS,Wandoor,229,13,17.6,
18011,G H S S Kuzhimanna,HSS,Kizhisseri,88,5,17.6,
19637,G. M. L. P. S. Rayirimangalam,LPS,Tanur,88,5,17.6,
48512,Kallamoola GLPS,LPS,Wandoor,176,10,17.6,
18340,G.W.U.P.S. Nediyiruppu,UPS,Kondotty,158,9,17.6,
18705,GLPS Arakkuparamba,LPS,Perinthalmanna,158,9,17.6,
18222,GLPS Pulpatta,LPS,Kizhisseri,140,8,17.5,
48517,Kooripoyil GLPS,LPS,Wandoor,140,8,17.5,
19809,GMLPS Iringallur,LPS,Vengara,174,10,17.4,
48318,G.M.L.P.S. Pallikuth,LPS,Melattur,139,8,17.4,
18540,G.M.L.P.S. Odompatta,LPS,Manjeri,155,9,17.2,
18439,G.L.P.S. Melmuri South,LPS,Malappuram,86,5,17.2,
19020,Govt.V. H. S. S for Girls. Tirur,VHSE,Tirur,103,6,17.2,
19541,G. F. U. P. S. Palapetty,UPS,Ponnani,274,16,17.1,
48406,Cholamunda GLPS,LPS,Nilambur,188,11,17.1,
18218,GLPS Parapurathparamba,LPS,Kizhisseri,102,6,17.0,
19231,Uliyathu Aboobacker Memmorial G. L. P. S. Vadakkummuri,LPS,Edappal,68,4,17.0,
19607,G. M. L. P. S. Edakadappuram,LPS,Tanur,153,9,17.0,
19619,G. M. L. P. S. Manalipuzha,LPS,Tanur,68,4,17.0,
18338,G.L.P.S. Nediyiruppu,UPS,Kondotty,135,8,16.9,
18508,G.L.P.S. Cherukulam,LPS,Manjeri,185,11,16.8,
48035,G M V H S S Nilambur,VHSE,Nilambur,84,5,16.8,
19810,GLPS Kannamangalam,LPS,Vengara,67,4,16.8,
48401,Amarambalam GLPS,LPS,Nilambur,134,8,16.8,
19818,GLPS Kodalikundu,LPS,Vengara,117,7,16.7,
19629,G. L. P. S. Rayirimangalam,LPS,Tanur,100,6,16.7,
18553,G.L.P.S. Ramankulam,LPS,Manjeri,166,10,16.6,
19707,G. M. L. P. S. Edakkulam,LPS,Tirur,116,7,16.6,
18506,G.L.P.S. Chalippadam,LPS,Manjeri,99,6,16.5,
19736,G. L. P. S. Thrikandiyur,LPS,Tirur,99,6,16.5,
48522,Pedayenthal GLPS,LPS,Wandoor,66,4,16.5,
19732,G. L. P. S. Thekkummuri,LPS,Tirur,115,7,16.4,
48328,G.L.P.S. Thelakkad,LPS,Melattur,82,5,16.4,
18715,GMLPS Kakkooth,LPS,Perinthalmanna,49,3,16.3,
19536,G. F. L. P. S. Veliyancode,UPS,Ponnani,163,10,16.3,
48437,Perumbathur GLPS,LPS,Nilambur,65,4,16.2,
18515,G.M.L.P.S. Eranhikode,LPS,Manjeri,162,10,16.2,
48238,GUPS Chundathumpoyil,UPS,Areacode,113,7,16.1,
18097,G H S Aliparamba,HSS,Perinthalmanna,209,13,16.1,
19206,G. L. P. S. Edappal,LPS,Edappal,80,5,16.0,
19332,G. M. L. P. S. Manhachola,LPS,Kuttippuram,64,4,16.0,
19721,G. L. P. S. Mangattiri,LPS,Tirur,48,3,16.0,
18575,G.U.P.S. Manjeri,UPS,Manjeri,302,19,15.9,
19321,G. L. P. S. Kattilangadi,LPS,Kuttippuram,143,9,15.9,
19686,K. P. N. M. U. P. S. Tanur,UPS,Tanur,127,8,15.9,
18651,G L P S Vallikkapatta,LPS,Mankada,79,5,15.8,
48436,Payampadam GLPS,LPS,Nilambur,79,5,15.8,
48309,G.L.P.S. Kara,LPS,Melattur,142,9,15.8,
19516,G. L. P. S. Veliyancode Gramam,LPS,Ponnani,47,3,15.7,
19723,G. M. L. P. S. Muttannur,LPS,Tirur,141,9,15.7,
19435,G. L. P. S. Vallikunnu,UPS,Parappanangadi,78,5,15.6,
19764,G. L. P. S. Annara,UPS,Tirur,93,6,15.5,
19341,G. M. L. P. S. Parappuram,LPS,Kuttippuram,77,5,15.4,
19408,G. F. L. P. S. Parappanangadi,LPS,Parappanangadi,154,10,15.4,
19350,G. M. L. P. S. Valancheri,LPS,Kuttippuram,46,3,15.3,
19432,G. M. L. P. S. Parappanangadi,LPS,Parappanangadi,153,10,15.3,
48450,Vendekkumpotty GLPS,LPS,Nilambur,76,5,15.2,
48217,GLPS Kuthuparamba,LPS,Areacode,136,9,15.1,
18451,G.M.L.P.S. Melmuri Central,LPS,Malappuram,75,5,15.0,
19644,G. M. L. P. S. Thiruthy,LPS,Tanur,60,4,15.0,
48426,GMLPS Mukkatta,LPS,Nilambur,75,5,15.0,
19201,G. L. P. S. Alankode,LPS,Edappal,44,3,14.7,
19636,A. M. L. P. S. Kormanthala,LPS,Tanur,132,9,14.7,
19765,G. W. L. P. S. Purathur,UPS,Tirur,73,5,14.6,
18521,G.L.P.S. Karuvambrum West,LPS,Manjeri,58,4,14.5,
18322,G.M.L.P.S. Kondotty Chungam,LPS,Kondotty,72,5,14.4,
19642,G. M. L. P. S. Thalakadathur,LPS,Tanur,72,5,14.4,
48215,GLPS Kuniyil,LPS,Areacode,72,5,14.4,
18323,G.M.L.P.S. Kondotty,LPS,Kondotty,86,6,14.3,
18538,G.L.P.S. Narukara,LPS,Manjeri,71,5,14.2,
19713,G. M. L. P. S. Kuttayi North,LPS,Tirur,42,3,14.0,
48423,GLPS Meppadam,LPS,Nilambur,111,8,13.9,
18446,G.M.L.P.S. Athanikkal,LPS,Malappuram,69,5,13.8,
19609,G. M. L. P. S. Iringavoor,LPS,Tanur,69,5,13.8,
48315,G.L.P.S. Melkulangara,LPS,Melattur,69,5,13.8,
19734,G. L. P. S. Thiruthi,LPS,Tirur,41,3,13.7,
48524,Pattanamkundu GLPS,LPS,Wandoor,82,6,13.7,
48212,GMLPS Kizhuparamba,LPS,Areacode,54,4,13.5,
18554,G.L.P.S. Theyyampadikuth,LPS,Manjeri,93,7,13.3,
19315,G. M. L. P. S. Kalpakancheri,LPS,Kuttippuram,53,4,13.2,
19535,G. F. L. P. S. Puthuponnani,UPS,Ponnani,65,5,13.0,
48221,G L P S Pathanapuram,LPS,Areacode,65,5,13.0,
18360,G.M.L.P.S. Vazhayur,LPS,Kondotty,77,6,12.8,
48429,Naduvakkad GLPS,LPS,Nilambur,64,5,12.8,
48323,G.L.P.S. Pezhumthara,LPS,Melattur,51,4,12.8,
18339,G.M.L.P.S. Nediyiruppu,LPS,Kondotty,50,4,12.5,
19704,G. L. P. S. B. P. Angadi,LPS,Tirur,121,10,12.1,
18533,G.M.L.P.S. Manjeri,LPS,Manjeri,48,4,12.0,
18311,G.L.P.S. Elamaram,LPS,Kondotty,59,5,11.8,
19220,G. M. L. P. S. Pallikara,LPS,Edappal,35,3,11.7,
19218,G. L. P. S. Nariparamba,LPS,Edappal,34,3,11.3,
19719,G. M. L. P. S. Mangalam,LPS,Tirur,56,5,11.2,
19740,G. M. L. P. S. Vettam Pallippuram,LPS,Tirur,56,5,11.2,
19210,Padikkal KalyaniAMMA Memorial G L P S Kallurma,LPS,Edappal,55,5,11.0,
48202,GMLPS Areacode West,LPS,Areacode,44,4,11.0,
48319,G.L.P.S. Pathirikode,LPS,Melattur,55,5,11.0,
18444,G.L.P.S. Vadakkemanna,LPS,Malappuram,54,5,10.8,
19329,G. L. P. S. Kuttippuram,LPS,Kuttippuram,21,2,10.5,
19343,G. M. L. P. S. Paravannur,LPS,Kuttippuram,41,4,10.2,
19506,G. F. L. P. S. Ponnani,LPS,Ponnani,41,4,10.2,
18452,G.M.L.P.S. Ponmala,LPS,Malappuram,51,5,10.2,
48276,G L P S West Pathanapuram,LPS,Areacode,61,6,10.2,
18732,GLPS Perinthalmanna West,LPS,Perinthalmanna,50,5,10.0,
48525,Payyakode GLPS,LPS,Wandoor,40,4,10.0,
19223,G. L. P. S. Polpakkara,LPS,Edappal,39,4,9.8,
18636,G L P S Pooppalam Valambur,LPS,Mankada,47,5,9.4,
19333,G. L. P. S. Maniyankad,LPS,Kuttippuram,47,5,9.4,
19327,G. L. P. S. Kulakkad,LPS,Kuttippuram,44,5,8.8,
19710,G. M. L. P. S. Kaithakkara,LPS,Tirur,35,4,8.8,
19243,Govt L.P.School Kololomba,UPS,Edappal,43,5,8.6,
18534,G.M.L.P.S. Manjeri South,LPS,Manjeri,34,4,8.5,
19507,G. M. L. P. S. Ponnani Town,LPS,Ponnani,34,4,8.5,
48329,G.L.P.S. Valayapuram,LPS,Melattur,34,4,8.5,
19646,G. M. L. P. S. Valavannur,LPS,Tanur,42,5,8.4,
48446,Valanthode GTLPS,LPS,Nilambur,25,3,8.3,
19730,G. L. P. S. Thekkankuttur,LPS,Tirur,38,5,7.6,
19533,G. L. P. S. Kanhiramukku,UPS,Ponnani,30,4,7.5,
48245,G U P S Odakkayam,UPS,Areacode,45,6,7.5,
19233,G. M. L. P. S. Vadakkummuri,LPS,Edappal,25,4,6.2,
48510,Chokkad Girijan Colony GLPS,LPS,Wandoor,10,2,5.0,
48430,Nedungayam GTLPS,LPS,Nilambur,5,2,2.5,
