School Name,Educational Sub-District,Block Name,Latitude,Longitude,"Drive Time from Arogya Matha Church, Kottakkal (min)","Drive Distance from Arogya Matha Church, Kottakkal (km)",Within 30 Min of Church,"Drive Time from St. Paul's School, Thenhipalam (min)","Drive Distance from St. Paul's School, Thenhipalam (km)",Within 30 Min of St. Paul's School,Within 30 Min of Both
GUPS Klari,Vengara,Vengara,10.99273,75.97987,7.1,2.7,Yes,21.8,22.05,Yes,Yes
G. U. P. S. Moonniyur,Parappanangadi,Tirurangadi,11.0593167,75.9063071,25.4,19.45,Yes,12.8,8.61,Yes,Yes
GHS Kolappuram,Vengara,Vengara,11.05608,75.935,18.3,13.62,Yes,12.9,11.37,Yes,Yes
GHSS Peruvallur,Vengara,Tirurangadi,11.10531,75.92466,30.0,24.23,Yes,13.2,7.44,Yes,Yes
G. M. U. P. S. Kakkad,Parappanangadi,,11.03522,75.93824,16.3,11.16,Yes,14.2,13.86,Yes,Yes
G. M. L. P. S. Kuttippala,Tanur,Tanur,10.96675,75.96111,14.2,6.51,Yes,26.5,24.72,Yes,Yes
GUPS AR Nagar,Vengara,Vengara,11.07172,75.94703,22.1,15.8,Yes,14.9,12.82,Yes,Yes
GMLPS Mampuram,Vengara,Vengara,11.0561,75.92042,23.6,14.71,Yes,15.4,10.54,Yes,Yes
G. M. L. P. S. Valavannur,Tanur,Tanur,10.958043,75.976714,15.5,7.12,Yes,27.8,25.32,Yes,Yes
G. U. P. S. Karingappara,Tanur,Tanur,10.9862,75.94249,15.8,7.68,Yes,25.3,21.29,Yes,Yes
G. H. S. S. Ponmundam,Tanur,Tanur,10.957123,75.956855,16.0,7.76,Yes,28.2,25.96,Yes,Yes
GLPS Orakam Kizhumuri,Vengara,Vengara,11.052021,75.993125,16.0,8.12,Yes,28.2,18.52,Yes,Yes
GLPS Thattancherimala,Vengara,Vengara,11.045565,75.945858,19.1,12.98,Yes,16.8,13.37,Yes,Yes
G. L. P. S. Venniyur,Parappanangadi,,11.014938,75.938959,17.0,8.6,Yes,19.3,17.6,Yes,Yes
GUPS Valiyora,Vengara,Vengara,11.04873,75.94971,19.6,13.26,Yes,17.3,13.65,Yes,Yes
G. H. S. Trikkulam,Parappanangadi,,11.04218,75.90944,25.6,15.18,Yes,17.6,10.85,Yes,Yes
GLPS Olakara,Vengara,Tirurangadi,11.083855,75.930001,27.5,19.85,Yes,17.6,11.07,Yes,Yes
G. L. P. S. Thirurangadi,Parappanangadi,,11.044321,75.923696,20.2,12.85,Yes,17.9,13.87,Yes,Yes
G. M. L. P. S. Thirurangadi,Parappanangadi,,11.035572,75.926976,20.7,13.13,Yes,19.0,15.95,Yes,Yes
G H S Kuruka,Vengara,Vengara,11.03964,75.96862,19.7,8.76,Yes,27.2,18.37,Yes,Yes
CHAKKEERI AHAMMED KUTTY MEMORIAL G.M.U.P.S.CHERUR,Vengara,Vengara,11.0683,75.98593,20.0,9.95,Yes,28.9,20.24,Yes,Yes
GMLPS Cherur,Vengara,Vengara,11.073861,75.985242,20.5,10.56,Yes,26.1,19.1,Yes,Yes
GMLPS Edakkaparamba,Vengara,Vengara,11.0863,75.96675,28.0,19.1,Yes,20.9,16.12,Yes,Yes
GLPS Nottappuram,Vengara,Vengara,11.063657,75.974144,21.8,10.44,Yes,26.0,18.91,Yes,Yes
G. M. L. P. S. Cherumukku,Tanur,Tirurangadi,11.02253,75.92435,23.6,11.9,Yes,22.5,17.68,Yes,Yes
GMUPS Kannamangalam,Vengara,Vengara,11.07803,75.97556,24.4,12.41,Yes,23.2,17.45,Yes,Yes
G.L.P.S. Kottakkal,Malappuram,,10.99879,76.00815,4.0,1.23,Yes,30.8,25.6,No,No
G.M.U.P.S. Kottakkal,Malappuram,,10.99913,76.00788,4.3,1.25,Yes,31.1,25.62,No,No
GMLPS Puthur,Vengara,Malappuram,11.0036,76.01524,5.3,2.0,Yes,32.1,26.37,No,No
GMLPS C.U. Campus,Vengara,Tirurangadi,11.13099,75.89186,32.8,25.59,No,7.2,3.23,Yes,No
GMLPS Iringallur,Vengara,Vengara,11.02338,76.00708,7.8,3.46,Yes,35.2,22.45,No,No
G L P S Othukkungal,Vengara,Malappuram,11.02562,76.02641,11.1,5.36,Yes,37.9,29.73,No,No
G.M.L.P.S. Chappanangadi,Malappuram,Malappuram,11.004902,76.042617,11.5,5.26,Yes,38.3,29.62,No,No
G.L.P.S. Paranki Moochikkal,Malappuram,Malappuram,11.006385,76.041245,11.8,5.21,Yes,38.5,29.58,No,No
G. U. P. S. Randathani,Kuttippuram,Kuttippuram,10.96144,76.00752,13.1,6.32,Yes,32.2,27.49,No,No
G. L. P. S. Anappadi,Parappanangadi,Tirurangadi,11.07553,75.85647,34.8,27.64,No,14.4,8.42,Yes,No
G. L. P. S. Parappanangadi,Parappanangadi,,11.06918,75.85364,38.0,28.57,No,17.5,9.35,Yes,No
G. M. L. P. S. Ayirani,Kuttippuram,Kuttippuram,10.93784,75.98762,17.9,11.38,Yes,32.2,32.26,No,No
G. F. L. P. S. Parappanangadi,Parappanangadi,,11.070636,75.847279,39.0,29.0,No,18.5,9.78,Yes,No
G.M.U.P.S. Chirayil,Kondotty,,11.12842,75.97477,37.8,24.93,No,19.2,10.13,Yes,No
GMLPS Orakam Kizhmuri,Vengara,Vengara,11.050383,76.011311,19.8,10.23,Yes,32.0,20.63,No,No
G. L. P. S. Chottur,Kuttippuram,Kuttippuram,10.9161,76.03964,19.8,14.12,Yes,34.1,35.0,No,No
G.L.P.S. Vadakkemanna,Malappuram,Malappuram,11.036660099999999,76.06752279999999,19.9,10.61,Yes,46.7,34.97,No,No
G. L. P. S. Kalpakancheri,Kuttippuram,Kuttippuram,10.93859,75.97679,20.0,9.57,Yes,32.3,27.78,No,No
G. M. L. P. S. Ponmundam South,Tanur,Tanur,10.94892,75.95095,20.1,9.84,Yes,32.3,28.05,No,No
G M L P S Karathode,Vengara,Vengara,11.063009,76.013635,20.6,10.93,Yes,32.8,21.33,No,No
G.U.P.S. Ponmala,Malappuram,Malappuram,10.983657,76.06755,21.0,10.09,Yes,47.4,34.06,No,No
G.M.L.P.S. Kondotty,Kondotty,,11.14756,75.96498,45.3,28.19,No,21.3,9.88,Yes,No
G. U. P. S. Ariyallur,Parappanangadi,Tirurangadi,11.0941011,75.8428388,41.9,31.18,No,21.4,11.96,Yes,No
G. M. L. P. S. Cheruvannur,Tanur,Tanur,10.928094,75.97306,21.8,10.73,Yes,34.1,28.94,No,No
G.M.U.P.S. Chemmankadavu,Malappuram,Malappuram,11.0248194,76.0664208,22.0,10.92,Yes,48.7,35.29,No,No
G.M.L.P.S. Kondotty Chungam,Kondotty,,11.14417,75.96867,43.5,27.59,No,22.3,10.78,Yes,No
G. F. L. P. S. Kadalundi,Parappanangadi,Tirurangadi,11.1132904,75.8327819,45.4,33.64,No,22.3,12.08,Yes,No
G. M. L. P. S. Thalakadathur,Tanur,Tanur,10.939,75.93746,22.4,11.18,Yes,34.7,29.39,No,No
G. M. L. P. S. Parappanangadi Town,Parappanangadi,Tirurangadi,11.04823,75.85857,40.4,22.94,No,23.3,12.04,Yes,No
GLPS Orakam Melmuri,Vengara,Vengara,11.063756,76.031395,23.3,12.01,Yes,36.1,23.34,No,No
G.M.L.P.S. Nediyiruppu,Kondotty,,11.137528,75.983587,42.1,27.01,No,23.6,12.22,Yes,No
GMLPS Kilinakode,Vengara,Vengara,11.07687,76.00053,23.9,12.33,Yes,30.7,21.54,No,No
G. U. P. S. Painkannur,Kuttippuram,,10.87406,76.0641,24.7,20.01,Yes,39.0,40.88,No,No
G.M.L.P.S. Kolmanna,Malappuram,,11.050419,76.057563,24.9,13.1,Yes,45.7,29.5,No,No
G. M. U. P. S. Kodinhi,Tanur,Tirurangadi,11.01703,75.91072,30.5,15.06,No,25.4,14.47,Yes,No
G.L.P.S. Nediyiruppu,Kondotty,,11.1326,75.99311,44.1,28.22,No,25.6,13.42,Yes,No
GLPS Parathakkad,Kizhisseri,Kondotty,11.17908,75.97024,51.8,39.7,No,26.1,13.96,Yes,No
G L P S Meenarkuzhi,Mankada,Mankada,11.00891,76.105324,26.5,13.73,Yes,53.3,38.1,No,No
G. L. P. S. Kattilangadi,Kuttippuram,Kuttippuram,10.89922,76.01126,26.7,16.33,Yes,41.0,37.2,No,No
G. H. S. Athavanad,Kuttippuram,Kuttippuram,10.89707,76.02314,27.2,18.54,Yes,41.5,39.42,No,No
G. L. P. S. Perumparamba Moodal,Kuttippuram,Kuttippuram,10.8702,76.04659,27.4,19.67,Yes,41.8,40.55,No,No
G L P S Kuruva,Mankada,Mankada,11.007169,76.113227,28.8,14.81,Yes,55.6,39.18,No,No
G. L. P. S. Karaikkad,Kuttippuram,Kuttippuram,10.926926,76.055676,28.9,19.78,Yes,43.2,40.66,No,No
G H S Meenadathur,Tanur,Tanur,10.942207,75.910048,29.0,14.36,Yes,41.2,28.63,No,No
G.M.U.P.S. Melmuri,Malappuram,,11.064325499999999,76.0714955,29.1,15.41,Yes,46.9,28.89,No,No
G. L. P. S. Kuttippuram North,Kuttippuram,Kuttippuram,10.85369,76.03773,29.2,24.46,Yes,43.6,45.34,No,No
G. M. L. P. S. Korad,Tanur,Tanur,10.98109,75.91401,29.4,14.69,Yes,31.7,23.7,No,No
GMUPS Kizhisseri,Kizhisseri,Areacode,11.17007,75.99138,51.9,32.38,No,29.9,14.88,Yes,No
G.L.P.S. Melmuri North,Malappuram,,11.079761800000002,76.0701845,30.4,16.75,No,45.7,26.09,No,No
G. M. U. P. S. Tirur,Tirur,,10.913992000000002,75.9228164,30.4,14.52,No,42.7,32.73,No,No
G. L. P. S. Pariyapuram,Tanur,,11.00222,75.87384,39.0,20.18,No,30.5,17.35,No,No
G. L. P. S. Kulakkad,Kuttippuram,Kuttippuram,10.851369,76.04091,30.6,24.95,No,44.9,45.83,No,No
G. L. P. S. Ozhur,Tanur,Tanur,10.966,75.90611,30.7,15.06,No,36.1,25.91,No,No
G.M.L.P.S. Morayur,Kondotty,Malappuram,11.13366,76.01528,46.4,26.58,No,30.9,16.32,No,No
G L P S Palakaparambil,Mankada,Mankada,10.97117,76.11529,30.9,15.6,No,57.7,39.97,No,No
G.L.P.S. Thadathilparamba,Kondotty,Kondotty,11.20271,75.95149,57.2,43.27,No,31.5,17.53,No,No
G.L.P.S. Morayur,Kondotty,Malappuram,11.13574,76.0211,45.0,25.86,No,31.5,16.97,No,No
G H S S Kadungapuram,Mankada,Mankada,10.98095,76.13832,31.6,16.91,No,58.4,41.28,No,No
G. L. P. S. Rayirimangalam,Tanur,,10.99357,75.8731,37.5,19.15,No,32.0,18.37,No,No
GLPS Kizhisseri,Kizhisseri,Areacode,11.17617,75.99761,54.1,33.44,No,32.1,15.94,No,No
G.M.U.P.S. Irumbuzhi,Malappuram,Malappuram,11.074846299999999,76.10218820000001,33.7,18.23,No,58.3,33.43,No,No
G. M. L. P. S. Rayirimangalam,Tanur,,10.98098,75.87693,35.5,17.65,No,34.4,19.92,No,No
G.M.U.P.S. Arimbra,Kondotty,Malappuram,11.11546,76.01882,51.2,28.87,No,34.8,18.03,No,No
G. L. P. S. Thrikkanapuram,Edappal,Ponnani,10.839666,75.988633,34.9,30.67,No,49.2,51.54,No,No
G. M. L. P. S. Tanur North,Tanur,,10.98312,75.869813,37.7,18.69,No,35.1,20.02,No,No
G. L. P. S. Tanur,Tanur,,10.974337,75.8792,35.1,17.97,No,36.1,20.69,No,No
G L P S Pothukundu,Mankada,Mankada,11.01726,76.12361,35.4,17.02,No,62.2,41.39,No,No
G.L.P.S. Pookottur Old,Malappuram,Malappuram,11.1051456,76.0577026,35.6,20.16,No,42.0,22.85,No,No
A. M. L. P. S. Kormanthala,Tanur,,10.98716,75.867883,40.6,19.84,No,35.6,19.63,No,No
G.W.U.P.S. Nediyiruppu,Kondotty,,11.1077,75.99778,51.2,20.97,No,35.8,18.51,No,No
G. L. P. S. Athippetta,Kuttippuram,Kuttippuram,10.90529,76.11195,36.5,25.62,No,50.8,46.5,No,No
GLPS Kuzhimanna,Kizhisseri,Areacode,11.17135,76.01795,53.8,30.32,No,36.6,18.33,No,No
G.M.L.P.S. Irumbuzhi,Malappuram,Malappuram,11.0856116,76.0979444,36.6,19.67,No,55.8,30.9,No,No
G.M.U.P.S. Ozhukur,Kondotty,Malappuram,11.15409,76.01258,52.2,29.21,No,36.7,19.26,No,No
G. U. P. S. Pothanur,Edappal,Ponnani,10.821579,75.984728,37.4,33.93,No,51.8,54.81,No,No
G. L. P. S. Kaladi,Edappal,Ponnani,10.81377,76.01296,37.7,30.97,No,52.0,51.85,No,No
G. M. U. P. S. BP Angadi,Tirur,Tirur,10.884412,75.9331934,37.8,21.71,No,52.1,42.59,No,No
G.L.P.S. Arimbra Melmuri,Kondotty,Malappuram,11.106578,76.024071,49.8,25.99,No,37.9,19.37,No,No
G. M. U. P. S. Tanur Town,Tanur,,10.97752,75.871183,38.0,18.61,No,38.0,21.26,No,No
G.H.S. Chaliyappuram,Kondotty,Kondotty,11.24727,75.97841,64.2,47.97,No,38.5,22.23,No,No
G. H. S. S. Kadanchery,Edappal,Ponnani,10.82585,75.98763,38.8,34.65,No,53.2,55.52,No,No
G.L.P.S. Panikkarapuraya,Kondotty,Kondotty,11.24498,75.96972,63.5,49.4,No,39.0,22.88,No,No
G L P S Padinhattummuri,Mankada,Mankada,11.05881,76.11072,39.0,20.01,No,64.2,36.49,No,No
G.M.U.P.S. Vazhakkad,Kondotty,Kondotty,11.24721,75.9523,59.8,47.31,No,39.1,26.73,No,No
G.H.S.S Chullikkode,Kizhisseri,Kondotty,11.1957386,75.999775,61.6,36.65,No,39.6,19.15,No,No
G.V.H.S.S. Pullanur,Malappuram,Malappuram,11.1230929,76.056004,42.4,24.45,No,39.6,21.35,No,No
G. L. P. S. K.Puram,Tanur,Tanur,10.95149,75.89791,39.6,18.48,No,45.7,24.34,No,No
G. M. L. P. S. Edakadappuram,Tanur,Tanur,10.96927,75.872743,40.0,19.57,No,39.9,22.22,No,No
G. L. P. S. Mankeri,Kuttippuram,Kuttippuram,10.85354,76.08205,41.6,27.66,No,56.0,48.53,No,No
G U P S Mankada Pallippuram,Mankada,Mankada,11.06096,76.12727,41.7,21.95,No,67.0,38.43,No,No
G. L. P. S. Perumparamba,Edappal,Ponnani,10.8015,75.99547,41.7,34.89,No,56.0,55.77,No,No
G. M. L. P. S. Vettam Pallippuram,Tirur,Tirur,10.82254,75.95126,41.8,36.08,No,56.1,56.95,No,No
G. U. P. S. Chamravattam,Tirur,Tirur,10.823288999999999,75.95125209999999,41.9,36.15,No,56.2,57.03,No,No
GMLPS Pookalathur,Kizhisseri,Areacode,11.1575,76.05687,49.9,28.22,No,43.1,22.86,No,No
G. U. P. S. Cheruvayikkara,Ponnani,,10.7891,75.96361,43.3,39.94,No,57.6,60.81,No,No
G M L P S Vadakkangara,Mankada,Mankada,11.01785,76.15089,43.7,20.86,No,70.5,45.23,No,No
G L P S Puthanangadi,Mankada,Perinthalmanna,10.96752,76.188931,43.8,24.51,No,70.5,48.88,No,No
GLPS Valamangalam,Kizhisseri,Areacode,11.13874,76.05661,47.0,26.35,No,44.3,23.25,No,No
G L P S Vallikkapatta,Mankada,Mankada,11.06234,76.14056,44.4,24.98,No,65.2,36.41,No,No
G. L. P. S. Edappal,Edappal,Ponnani,10.78845,75.99628,44.4,36.39,No,58.7,57.27,No,No
G.L.P.S. Vettathur,Kondotty,Kondotty,11.25618,75.98985,70.4,51.59,No,44.7,25.85,No,No
GMLPS Kizhuparamba,Areacode,Areacode,11.24977,76.01347,70.8,52.38,No,45.1,26.64,No,No
GLPS Thavarapparamba,Areacode,Areacode,11.189739,76.048509,62.1,34.67,No,45.3,22.92,No,No
G.L.P.S. Manjeri,Manjeri,,11.116944,76.119939,45.5,24.38,No,54.2,29.35,No,No
G.U.P.S. Veembur,Manjeri,,11.119429,76.089154,48.3,28.52,No,45.6,25.41,No,No
G. J. B. S. Vattamkulam,Edappal,Ponnani,10.785135,76.01586,46.0,35.78,No,60.4,56.65,No,No
GLPS Vilayil Parappur,Kizhisseri,Areacode,11.218949,76.000931,68.1,41.18,No,46.1,23.68,No,No
G.L.P.S. Narukara,Manjeri,,11.120787,76.096863,49.4,29.31,No,46.6,26.2,No,No
G. L. P. S. Sukapuram,Edappal,Ponnani,10.77321,76.01494,46.7,36.28,No,61.0,57.16,No,No
G.G.H.S.S. Manjeri,Manjeri,,11.120218,76.118038,47.3,24.92,No,52.0,28.79,No,No
G. L. P. S. Thuyyam,Edappal,Ponnani,10.78511,75.98425,47.3,37.99,No,61.6,58.87,No,No
G.L.P.S. Pandallur,Manjeri,Malappuram,11.084432,76.166711,47.5,26.69,No,68.2,38.13,No,No
G.M.L.P.S. Manjeri,Manjeri,,11.119506,76.12179,47.5,24.93,No,53.5,29.15,No,No
G.M.U.P.S. Melakkam,Manjeri,,11.122684,76.119386,47.9,25.0,No,53.3,29.2,No,No
G.U.P.S. Manjeri,Manjeri,,11.120277,76.115769,47.9,25.17,No,51.5,28.55,No,No
G U P S Pullur,Manjeri,,11.123529,76.118215,48.4,25.18,No,52.0,28.95,No,No
G M L P S Mariyad,Manjeri,,11.11729,76.127867,48.6,25.7,No,56.2,29.95,No,No
GLPS Kuniyil,Areacode,Areacode,11.25558,76.01938,74.4,53.94,No,48.7,28.2,No,No
GLPS Pulpatta,Kizhisseri,Areacode,11.14741,76.08168,55.6,31.37,No,48.8,26.01,No,No
G M L P S Pandallur,Manjeri,Malappuram,11.085446,76.175403,48.8,27.73,No,69.5,39.16,No,No
G.M.L.P.S. Manjeri East,Manjeri,,11.121499,76.125117,49.2,25.33,No,55.1,29.55,No,No
G.M.L.P.S. Kidangazhi,Manjeri,,11.122817,76.11537,49.4,25.53,No,51.7,28.66,No,No
G.L.P.S. Ramankulam,Manjeri,,11.124845,76.111281,49.5,26.33,No,51.0,28.37,No,No
G. L. P. S. Kanhiramukku,Ponnani,Perumpadappa,10.75871,75.96689,49.5,43.15,No,63.9,64.03,No,No
G L P S Mankada,Mankada,Mankada,11.01547,76.1772,49.6,24.35,No,77.1,43.67,No,No
G.M.L.P.S. Manjeri South,Manjeri,,11.120905,76.12658,49.9,25.56,No,55.9,29.79,No,No
G.L.P.S. Arukizhaya,Manjeri,,11.123878,76.12379,50.0,25.79,No,54.1,29.66,No,No
G.L.P.S. Karuvambrum West,Manjeri,,11.127181,76.101832,51.0,27.12,No,52.5,29.16,No,No
GMUPS Valapuram,Perinthalmanna,Perinthalmanna,10.921364,76.165784,52.0,27.73,No,68.0,55.6,No,No
GHS CHERIYAM MANKADA,Mankada,Mankada,11.0281228,76.1822401,52.6,25.62,No,80.1,44.94,No,No
GUPS Moorkanad,Areacode,Areacode,11.24091,76.05748,74.8,43.42,No,53.1,28.47,No,No
G. H. S. S. Maranchery,Ponnani,Perumpadappa,10.74075,75.97083,53.3,45.35,No,67.6,66.22,No,No
GMLPS Perinthalmanna Central,Perinthalmanna,,10.978076,76.22629,54.3,27.88,No,81.0,52.25,No,No
GMLPS Kakkooth,Perinthalmanna,,10.983306,76.224638,55.0,28.27,No,81.8,52.64,No,No
G.M.L.P.S. Pallikuth,Melattur,Perinthalmanna,11.01528,76.22959,62.0,32.32,No,88.8,56.69,No,No
G.M.L.P.S. Nenmini,Melattur,Perinthalmanna,11.05346,76.2094,65.8,37.14,No,86.6,48.58,No,No
