School Code,School Name,Educational Sub-District,Local Body,Block Name,Latitude,Longitude,Maps Link,Verified (Y/N),Corrected Latitude,Corrected Longitude,Notes
48203,GLPS Chemrakattur,Areacode,Areacode(P),Areacode,11.20933,76.03961,"http://maps.google.com/maps?q=11.20933,76.039609999999996",,,,
48214,GLPS Kozhakottur,Areacode,Areacode(P),Areacode,11.22002,76.04539,"http://maps.google.com/maps?q=11.22002,76.045389999999998",,,,
48202,GMLPS Areacode West,Areacode,Areacode(P),Areacode,11.23918,76.048717,"http://maps.google.com/maps?q=11.239179999999999,76.048716999999996",,,,
48224,GMLPS Puthalam,Areacode,Areacode(P),Areacode,11.226101,76.054243,"http://maps.google.com/maps?q=11.226101,76.054243",,,,
48237,GMUPS Areacode,Areacode,Areacode(P),Areacode,11.23652,76.05182,"http://maps.google.com/maps?q=11.236520000000001,76.051820000000006",,,,
48244,GMUPS Mundambra,Areacode,Areacode(P),Areacode,11.22539,76.02762,"http://maps.google.com/maps?q=11.225390000000001,76.027619999999999",,,,
48219,GLPS Palappatta,Areacode,Edavanna(P),Areacode,11.213015,76.120174,"http://maps.google.com/maps?q=11.213015,76.120174000000006",,,,
48205,G L P S Chengara,Areacode,Kavannur(P),Areacode,11.17579,76.07964,"http://maps.google.com/maps?q=11.175789999999999,76.079639999999998",,,,
48210,GLPS Kavanur,Areacode,Kavannur(P),Areacode,11.197194,76.055282,"http://maps.google.com/maps?q=11.197194,76.055282000000005",,,,
48226,GLPS Thavarapparamba,Areacode,Kavannur(P),Areacode,11.189739,76.048509,"http://maps.google.com/maps?q=11.189738999999999,76.048508999999996",,,,
48221,G L P S Pathanapuram,Areacode,Keezhuparamba(P),Areacode,11.24532,76.04459,"http://maps.google.com/maps?q=11.24532,76.044589999999999",,,,
48213,GLPS Kizhuparamba South,Areacode,Keezhuparamba(P),Areacode,11.24387,76.01281,"http://maps.google.com/maps?q=11.243869999999999,76.012810000000002",,,,
48215,GLPS Kuniyil,Areacode,Keezhuparamba(P),Areacode,11.25558,76.01938,"http://maps.google.com/maps?q=11.25558,76.019379999999998",,,,
48216,GLPS Kuniyil South,Areacode,Keezhuparamba(P),Areacode,11.24197,76.02106,"http://maps.google.com/maps?q=11.24197,76.021060000000006",,,,
48212,GMLPS Kizhuparamba,Areacode,Keezhuparamba(P),Areacode,11.24977,76.01347,"http://maps.google.com/maps?q=11.24977,76.013469999999998",,,,
48245,G U P S Odakkayam,Areacode,Urangattiri(P),Areacode,11.274431,76.128997,"http://maps.google.com/maps?q=11.274431,76.128996999999998",,,,
48217,GLPS Kuthuparamba,Areacode,Urangattiri(P),Areacode,11.22863,76.07874,"http://maps.google.com/maps?q=11.228630000000001,76.078739999999996",,,,
48222,GLPS Pavanna,Areacode,Urangattiri(P),Areacode,11.2204,76.09844,"http://maps.google.com/maps?q=11.2204,76.098439999999997",,,,
48225,GLPS Thachanna,Areacode,Urangattiri(P),Areacode,11.2406,76.07077,"http://maps.google.com/maps?q=11.240600000000001,76.070769999999996",,,,
48227,GLPS Thencheri,Areacode,Urangattiri(P),Areacode,11.23171,76.09292,"http://maps.google.com/maps?q=11.23171,76.092920000000007",,,,
48238,GUPS Chundathumpoyil,Areacode,Urangattiri(P),Areacode,11.282532,76.067241,"http://maps.google.com/maps?q=11.282532,76.067240999999996",,,,
48242,GUPS Maithra,Areacode,Urangattiri(P),Areacode,11.22801,76.06381,"http://maps.google.com/maps?q=11.228009999999999,76.063810000000004",,,,
48243,GUPS Moorkanad,Areacode,Urangattiri(P),Areacode,11.24091,76.05748,"http://maps.google.com/maps?q=11.24091,76.057479999999998",,,,
19205,G. L. P. S. Chiyanur,Edappal,Alamcode(P),Perumpadappa,10.73833,76.0303,"http://maps.google.com/maps?q=10.738329999999999,76.030299999999997",,,,
19251,G. U. P. S. Othalur,Edappal,Alamcode(P),Perumpadappa,10.71227,76.0475,"http://maps.google.com/maps?q=10.71227,76.047499999999999",,,,
19063,G.H. S. S. Kokkur,Edappal,Alamcode(P),Perumpadappa,10.730907,76.060525,"http://maps.google.com/maps?q=10.730907,76.060524999999998",,,,
19206,G. L. P. S. Edappal,Edappal,Edappal(P),Ponnani,10.78845,75.99628,"http://maps.google.com/maps?q=10.788449999999999,75.996279999999999",,,,
19222,G. L. P. S. Perumparamba,Edappal,Edappal(P),Ponnani,10.8015,75.99547,"http://maps.google.com/maps?q=10.801500000000001,75.995469999999997",,,,
19223,G. L. P. S. Polpakkara,Edappal,Edappal(P),Ponnani,10.792126,75.985552,"http://maps.google.com/maps?q=10.792126,75.985551999999998",,,,
19227,G. L. P. S. Thuyyam,Edappal,Edappal(P),Ponnani,10.78511,75.98425,"http://maps.google.com/maps?q=10.78511,75.984250000000003",,,,
19246,G. M. U. P. S. Edappal,Edappal,Edappal(P),Ponnani,10.78435,76.00155,"http://maps.google.com/maps?q=10.78435,76.001549999999995",,,,
19249,G. U. P. S. Kololamba,Edappal,Edappal(P),Ponnani,10.782252,75.947046,"http://maps.google.com/maps?q=10.782252,75.947046",,,,
19243,Govt L.P.School Kololomba,Edappal,Edappal(P),Ponnani,10.75936,75.99509,"http://maps.google.com/maps?q=10.759359999999999,75.995090000000005",,,,
19034,G. H. S. S. Kadanchery,Edappal,Kalady(P),Ponnani,10.82585,75.98763,"http://maps.google.com/maps?q=10.825850000000001,75.987629999999996",,,,
19208,G. L. P. S. Kaladi,Edappal,Kalady(P),Ponnani,10.81377,76.01296,"http://maps.google.com/maps?q=10.81377,76.012960000000007",,,,
19218,G. L. P. S. Nariparamba,Edappal,Kalady(P),Ponnani,10.815314,75.964247,"http://maps.google.com/maps?q=10.815314000000001,75.964247",,,,
19253,G. U. P. S. Pothanur,Edappal,Kalady(P),Ponnani,10.821579,75.984728,"http://maps.google.com/maps?q=10.821579,75.984728000000004",,,,
19214,G. L. P. S. Mookkuthala,Edappal,Nannamukku(P),Perumpadappa,10.73319,76.01244,"http://maps.google.com/maps?q=10.73319,76.012439999999998",,,,
19220,G. M. L. P. S. Pallikara,Edappal,Nannamukku(P),Perumpadappa,10.727149,76.029348,"http://maps.google.com/maps?q=10.727149000000001,76.029347999999999",,,,
19233,G. M. L. P. S. Vadakkummuri,Edappal,Nannamukku(P),Perumpadappa,10.737365,76.010027,"http://maps.google.com/maps?q=10.737365,76.010026999999994",,,,
19210,Padikkal KalyaniAMMA Memorial G L P S Kallurma,Edappal,Nannamukku(P),Perumpadappa,10.71287,76.01779,"http://maps.google.com/maps?q=10.712870000000001,76.017790000000005",,,,
19231,Uliyathu Aboobacker Memmorial  G. L. P. S. Vadakkummuri,Edappal,Nannamukku(P),Perumpadappa,10.72425,75.99978,"http://maps.google.com/maps?q=10.72425,75.999780000000001",,,,
19244,G. H. W. L. P. S. Maravancheri,Edappal,Tavanur(P),Ponnani,10.831856,75.997436,"http://maps.google.com/maps?q=10.831856,75.997435999999993",,,,
19229,G. L. P. S. Thrikkanapuram,Edappal,Tavanur(P),Ponnani,10.839666,75.988633,"http://maps.google.com/maps?q=10.839665999999999,75.988632999999993",,,,
19254,K. M. G. U. P. S. Thavanur,Edappal,Tavanur(P),Ponnani,10.85258,75.98382,"http://maps.google.com/maps?q=10.85258,75.983819999999994",,,,
19216,G. B. L. P. S. Mudur,Edappal,Vattamkulam(P),Ponnani,10.80417,76.02645,"http://maps.google.com/maps?q=10.804169999999999,76.026449999999997",,,,
19235,G. J. B. S. Vattamkulam,Edappal,Vattamkulam(P),Ponnani,10.785135,76.01586,"http://maps.google.com/maps?q=10.785135,76.015860000000004",,,,
19225,G. L. P. S. Sukapuram,Edappal,Vattamkulam(P),Ponnani,10.77321,76.01494,"http://maps.google.com/maps?q=10.773210000000001,76.014939999999996",,,,
18218,GLPS Parapurathparamba,Kizhisseri,Cheekkode(P),Areacode,11.236104,76.008255,"http://maps.google.com/maps?q=11.236103999999999,76.008255000000005",,,,
18220,GLPS Ponnad,Kizhisseri,Cheekkode(P),Areacode,11.224771,75.971171,"http://maps.google.com/maps?q=11.224771,75.971170999999998",,,,
18228,GLPS Vilayil,Kizhisseri,Cheekkode(P),Areacode,11.22543,76.00992,"http://maps.google.com/maps?q=11.225429999999999,76.009919999999994",,,,
18230,GLPS Vilayil Parappur,Kizhisseri,Cheekkode(P),Areacode,11.218949,76.000931,"http://maps.google.com/maps?q=11.218949,76.000930999999994",,,,
18204,GLPS Kizhisseri,Kizhisseri,Kuzhimanna(P),Areacode,11.17617,75.99761,"http://maps.google.com/maps?q=11.176170000000001,75.997609999999995",,,,
18205,GLPS Kuzhimanna,Kizhisseri,Kuzhimanna(P),Areacode,11.17135,76.01795,"http://maps.google.com/maps?q=11.17135,76.017949999999999",,,,
18206,GLPS Kuzhimanna II South,Kizhisseri,Kuzhimanna(P),Areacode,11.16318,76.01003,"http://maps.google.com/maps?q=11.163180000000001,76.01003",,,,
18235,GMUPS Kizhisseri,Kizhisseri,Kuzhimanna(P),Areacode,11.17007,75.99138,"http://maps.google.com/maps?q=11.170070000000001,75.991380000000007",,,,
18234,GUPS Kadungallur,Kizhisseri,Kuzhimanna(P),Areacode,11.19836,76.02383,"http://maps.google.com/maps?q=11.198359999999999,76.023830000000004",,,,
18217,GLPS Parappur,Kizhisseri,Muthuvallur(P),Kondotty,11.208943,76.002117,"http://maps.google.com/maps?q=11.208943,76.002116999999998",,,,
18219,GLPS Parathakkad,Kizhisseri,Muthuvallur(P),Kondotty,11.17908,75.97024,"http://maps.google.com/maps?q=11.179080000000001,75.970240000000004",,,,
18223,GMLPS Thavanur,Kizhisseri,Muthuvallur(P),Kondotty,11.194,75.98994,"http://maps.google.com/maps?q=11.194000000000001,75.989940000000004",,,,
18222,GLPS Pulpatta,Kizhisseri,Pulpatta(P),Areacode,11.14741,76.08168,"http://maps.google.com/maps?q=11.147410000000001,76.081680000000006",,,,
18226,GLPS Valamangalam,Kizhisseri,Pulpatta(P),Areacode,11.13874,76.05661,"http://maps.google.com/maps?q=11.13874,76.056610000000006",,,,
18221,GMLPS Pookalathur,Kizhisseri,Pulpatta(P),Areacode,11.1575,76.05687,"http://maps.google.com/maps?q=11.157500000000001,76.056870000000004",,,,
18349,G.L.P.S. Paravoor,Kondotty,Cherukavu(P),Kondotty,11.17921,75.9219,"http://maps.google.com/maps?q=11.179209999999999,75.921899999999994",,,,
18352,G.L.P.S. Puthucode,Kondotty,Cherukavu(P),Kondotty,11.19074,75.88201,"http://maps.google.com/maps?q=11.19074,75.882009999999994",,,,
18338,G.L.P.S. Nediyiruppu,Kondotty,Kondotty(M),,11.1326,75.99311,"http://maps.google.com/maps?q=11.1326,75.993110000000001",,,,
18315,G.M.L.P.S. Kanhiraparamba,Kondotty,Kondotty(M),,11.14676,75.95462,"http://maps.google.com/maps?q=11.14676,75.954620000000006",,,,
18323,G.M.L.P.S. Kondotty,Kondotty,Kondotty(M),,11.14756,75.96498,"http://maps.google.com/maps?q=11.14756,75.964979999999997",,,,
18322,G.M.L.P.S. Kondotty Chungam,Kondotty,Kondotty(M),,11.14417,75.96867,"http://maps.google.com/maps?q=11.144170000000001,75.968670000000003",,,,
18330,G.M.L.P.S. Melangadi,Kondotty,Kondotty(M),,11.14257,75.9606,"http://maps.google.com/maps?q=11.142569999999999,75.960599999999999",,,,
18339,G.M.L.P.S. Nediyiruppu,Kondotty,Kondotty(M),,11.137528,75.983587,"http://maps.google.com/maps?q=11.137528,75.983587",,,,
18373,G.M.U.P.S. Chirayil,Kondotty,Kondotty(M),,11.12842,75.97477,"http://maps.google.com/maps?q=11.12842,75.974770000000007",,,,
18340,G.W.U.P.S. Nediyiruppu,Kondotty,Kondotty(M),,11.1077,75.99778,"http://maps.google.com/maps?q=11.107699999999999,75.997780000000006",,,,
18305,G.L.P.S. Arimbra Melmuri,Kondotty,Morayur(P),Malappuram,11.106578,76.024071,"http://maps.google.com/maps?q=11.106578000000001,76.024071000000006",,,,
18331,G.L.P.S. Morayur,Kondotty,Morayur(P),Malappuram,11.13574,76.0211,"http://maps.google.com/maps?q=11.13574,76.021100000000004",,,,
18332,G.M.L.P.S. Morayur,Kondotty,Morayur(P),Malappuram,11.13366,76.01528,"http://maps.google.com/maps?q=11.133660000000001,76.015280000000004",,,,
18365,G.M.U.P.S. Arimbra,Kondotty,Morayur(P),Malappuram,11.11546,76.01882,"http://maps.google.com/maps?q=11.115460000000001,76.018820000000005",,,,
18375,G.M.U.P.S. Ozhukur,Kondotty,Morayur(P),Malappuram,11.15409,76.01258,"http://maps.google.com/maps?q=11.15409,76.01258",,,,
18318,G.M.L.P.S. Karippur,Kondotty,PALLIKKAL(P),Kondotty,11.15096,75.94028,"http://maps.google.com/maps?q=11.15096,75.940280000000001",,,,
18326,G.M.L.P.S. Kumminiparamba,Kondotty,PALLIKKAL(P),Kondotty,11.13256,75.9373,"http://maps.google.com/maps?q=11.13256,75.937299999999993",,,,
18354,G.L.P.S. Thadathilparamba,Kondotty,Pulikkal(P),Kondotty,11.20271,75.95149,"http://maps.google.com/maps?q=11.20271,75.951490000000007",,,,
18368,G.H.S. Chaliyappuram,Kondotty,Vazhakkad(P),Kondotty,11.24727,75.97841,"http://maps.google.com/maps?q=11.24727,75.978409999999997",,,,
18311,G.L.P.S. Elamaram,Kondotty,Vazhakkad(P),Kondotty,11.25007,75.95897,"http://maps.google.com/maps?q=11.250069999999999,75.958969999999994",,,,
18335,G.L.P.S. Mundumuzhi,Kondotty,Vazhakkad(P),Kondotty,11.24633,75.93915,"http://maps.google.com/maps?q=11.24633,75.939149999999998",,,,
18346,G.L.P.S. Panikkarapuraya,Kondotty,Vazhakkad(P),Kondotty,11.24498,75.96972,"http://maps.google.com/maps?q=11.24498,75.969719999999995",,,,
18362,G.L.P.S. Vettathur,Kondotty,Vazhakkad(P),Kondotty,11.25618,75.98985,"http://maps.google.com/maps?q=11.256180000000001,75.989850000000004",,,,
18301,G.M.L.P.S. Akkode,Kondotty,Vazhakkad(P),Kondotty,11.23451,75.91487,"http://maps.google.com/maps?q=11.23451,75.914869999999993",,,,
18329,G.M.L.P.S. Mapprom,Kondotty,Vazhakkad(P),Kondotty,11.2591,75.96899,"http://maps.google.com/maps?q=11.2591,75.968990000000005",,,,
18380,G.M.U.P.S. Vazhakkad,Kondotty,Vazhakkad(P),Kondotty,11.24721,75.9523,"http://maps.google.com/maps?q=11.247210000000001,75.952299999999994",,,,
18316,G.L.P.S. Karad,Kondotty,Vazhayur(P),Kondotty,11.20628,75.87741,"http://maps.google.com/maps?q=11.20628,75.877409999999998",,,,
18360,G.M.L.P.S. Vazhayur,Kondotty,Vazhayur(P),Kondotty,11.22444,75.88737,"http://maps.google.com/maps?q=11.22444,75.887370000000004",,,,
19357,G. H. S. Athavanad,Kuttippuram,Athavanad(P),Kuttippuram,10.89707,76.02314,"http://maps.google.com/maps?q=10.897069999999999,76.023139999999998",,,,
19310,G. L. P. S. Chottur,Kuttippuram,Athavanad(P),Kuttippuram,10.9161,76.03964,"http://maps.google.com/maps?q=10.9161,76.039640000000006",,,,
19321,G. L. P. S. Kattilangadi,Kuttippuram,Athavanad(P),Kuttippuram,10.89922,76.01126,"http://maps.google.com/maps?q=10.89922,76.011259999999993",,,,
19359,G. M. H. S. Karippole,Kuttippuram,Athavanad(P),Kuttippuram,10.9222,76.0301,"http://maps.google.com/maps?q=10.9222,76.030100000000004",,,,
19363,G. U. P. S. Koodasseri,Kuttippuram,Athavanad(P),Kuttippuram,10.91525,76.0068,"http://maps.google.com/maps?q=10.91525,76.006799999999998",,,,
19301,G. L. P. S. Athippetta,Kuttippuram,Edayoor(P),Kuttippuram,10.90529,76.11195,"http://maps.google.com/maps?q=10.905290000000001,76.111949999999993",,,,
19348,G. L. P. S. Vadakkumbram,Kuttippuram,Edayoor(P),Kuttippuram,10.947849,76.077233,"http://maps.google.com/maps?q=10.947849,76.077233000000007",,,,
19335,G. L. P. S. Mankeri,Kuttippuram,Irimbiliyam(P),Kuttippuram,10.85354,76.08205,"http://maps.google.com/maps?q=10.853540000000001,76.082049999999995",,,,
19312,G. W. L. P. S. Irimbliyam,Kuttippuram,Irimbiliyam(P),Kuttippuram,10.85739,76.09339,"http://maps.google.com/maps?q=10.857390000000001,76.093389999999999",,,,
19317,G. L. P. S. Kalpakancheri,Kuttippuram,Kalpakancheri(P),Kuttippuram,10.93859,75.97679,"http://maps.google.com/maps?q=10.93859,75.976789999999994",,,,
19304,G. M. L. P. S. Ayirani,Kuttippuram,Kalpakancheri(P),Kuttippuram,10.93784,75.98762,"http://maps.google.com/maps?q=10.93784,75.987620000000007",,,,
19315,G. M. L. P. S. Kalpakancheri,Kuttippuram,Kalpakancheri(P),Kuttippuram,10.947,75.99864,"http://maps.google.com/maps?q=10.946999999999999,75.998639999999995",,,,
19324,G. M. L. P. S. Kanancheri,Kuttippuram,Kalpakancheri(P),Kuttippuram,10.9492,76.00376,"http://maps.google.com/maps?q=10.949199999999999,76.00376",,,,
19332,G. M. L. P. S. Manhachola,Kuttippuram,Kalpakancheri(P),Kuttippuram,10.9421,75.99398,"http://maps.google.com/maps?q=10.9421,75.993979999999993",,,,
19341,G. M. L. P. S. Parappuram,Kuttippuram,Kalpakancheri(P),Kuttippuram,10.955848,76.000038,"http://maps.google.com/maps?q=10.955848,76.000038000000004",,,,
19365,G. U. P. S. Randathani,Kuttippuram,Kalpakancheri(P),Kuttippuram,10.96144,76.00752,"http://maps.google.com/maps?q=10.96144,76.00752",,,,
19042,G. H. S. S. Perassannur,Kuttippuram,Kuttippuram(P),Kuttippuram,10.85232,76.06766,"http://maps.google.com/maps?q=10.852320000000001,76.067660000000004",,,,
19306,G. L. P. S. Chellur,Kuttippuram,Kuttippuram(P),Kuttippuram,10.86938,76.04234,"http://maps.google.com/maps?q=10.86938,76.042339999999996",,,,
19327,G. L. P. S. Kulakkad,Kuttippuram,Kuttippuram(P),Kuttippuram,10.851369,76.04091,"http://maps.google.com/maps?q=10.851369,76.040909999999997",,,,
19329,G. L. P. S. Kuttippuram,Kuttippuram,Kuttippuram(P),Kuttippuram,10.845313,76.035837,"http://maps.google.com/maps?q=10.845313000000001,76.035837000000001",,,,
19331,G. L. P. S. Kuttippuram North,Kuttippuram,Kuttippuram(P),Kuttippuram,10.85369,76.03773,"http://maps.google.com/maps?q=10.85369,76.037729999999996",,,,
19333,G. L. P. S. Maniyankad,Kuttippuram,Kuttippuram(P),Kuttippuram,10.87679,75.99665,"http://maps.google.com/maps?q=10.87679,75.996650000000002",,,,
19339,G. L. P. S. Naduvattam,Kuttippuram,Kuttippuram(P),Kuttippuram,10.88021,76.00875,"http://maps.google.com/maps?q=10.88021,76.008750000000006",,,,
19345,G. L. P. S. Perumparamba Moodal,Kuttippuram,Kuttippuram(P),Kuttippuram,10.8702,76.04659,"http://maps.google.com/maps?q=10.870200000000001,76.046589999999995",,,,
19308,G. L. P. S. Cheruparamba,Kuttippuram,Marakkara(P),Kuttippuram,10.94788,76.02513,"http://maps.google.com/maps?q=10.94788,76.025130000000004",,,,
19319,G. L. P. S. Karaikkad,Kuttippuram,Marakkara(P),Kuttippuram,10.926926,76.055676,"http://maps.google.com/maps?q=10.926926,76.055676000000005",,,,
19337,G. L. P. S. Melmuri,Kuttippuram,Marakkara(P),Kuttippuram,10.96109,76.02548,"http://maps.google.com/maps?q=10.96109,76.025480000000002",,,,
19313,G. M. L. P. S. Kallarmangalam,Kuttippuram,Marakkara(P),Kuttippuram,10.94542,76.02988,"http://maps.google.com/maps?q=10.94542,76.029880000000006",,,,
19322,G. L. P. S. Kattipparuthi,Kuttippuram,Valanchery(M),,10.88288,76.0575,"http://maps.google.com/maps?q=10.88288,76.057500000000005",,,,
19350,G. M. L. P. S. Valancheri,Kuttippuram,Valanchery(M),,10.88393,76.06842,"http://maps.google.com/maps?q=10.883929999999999,76.068420000000003",,,,
19364,G. U. P. S. Painkannur,Kuttippuram,Valanchery(M),,10.87406,76.0641,"http://maps.google.com/maps?q=10.87406,76.064099999999996",,,,
19343,G. M. L. P. S. Paravannur,Kuttippuram,Valavannur(P),Tanur,10.927588,75.991885,"http://maps.google.com/maps?q=10.927588,75.991884999999996",,,,
18436,G.L.P.S. Kottakkal,Malappuram,Kottakkal(M),,10.99879,76.00815,"http://maps.google.com/maps?q=10.99879,76.008150000000001",,,,
18473,G.M.U.P.S. Kottakkal,Malappuram,Kottakkal(M),,10.99913,76.00788,"http://maps.google.com/maps?q=10.999129999999999,76.00788",,,,
18475,G.U.P.S. Kottakkal,Malappuram,Kottakkal(M),,10.99176,76.00782,"http://maps.google.com/maps?q=10.991759999999999,76.007819999999995",,,,
18449,G.M.L.P.S. Kolmanna,Malappuram,Malappuram(M),,11.050419,76.057563,"http://maps.google.com/maps?q=11.050419,76.057563000000002",,,,
18440,G.L.P.S. Paranki Moochikkal,Malappuram,Ponmala(P),Malappuram,11.006385,76.041245,"http://maps.google.com/maps?q=11.006385,76.041245000000004",,,,
18447,G.M.L.P.S. Chappanangadi,Malappuram,Ponmala(P),Malappuram,11.004902,76.042617,"http://maps.google.com/maps?q=11.004902,76.042617000000007",,,,
18452,G.M.L.P.S. Ponmala,Malappuram,Ponmala(P),Malappuram,11.028299,76.0411,"http://maps.google.com/maps?q=11.028299000000001,76.0411",,,,
18477,G.U.P.S. Ponmala,Malappuram,Ponmala(P),Malappuram,10.983657,76.06755,"http://maps.google.com/maps?q=10.983656999999999,76.067549999999997",,,,
18542,G M L P S Pandallur,Manjeri,Anakkayam(P),Malappuram,11.085446,76.175403,"http://maps.google.com/maps?q=11.085445999999999,76.175403000000003",,,,
18524,G.L.P.S. Kizhakkuparamba,Manjeri,Anakkayam(P),Malappuram,11.075779,76.18996,"http://maps.google.com/maps?q=11.075779000000001,76.189959999999999",,,,
18541,G.L.P.S. Pandallur,Manjeri,Anakkayam(P),Malappuram,11.084432,76.166711,"http://maps.google.com/maps?q=11.084432,76.166711000000006",,,,
18569,G.U.P.S. Anakkayam,Manjeri,Anakkayam(P),Malappuram,11.08786,76.12341,"http://maps.google.com/maps?q=11.087859999999999,76.123410000000007",,,,
18506,G.L.P.S. Chalippadam,Manjeri,Edavanna(P),Areacode,11.21894,76.163261,"http://maps.google.com/maps?q=11.21894,76.163261000000006",,,,
18507,G.L.P.S. Chembakuth,Manjeri,Edavanna(P),Areacode,11.206241,76.149153,"http://maps.google.com/maps?q=11.206241,76.149152999999998",,,,
18514,G.M.L.P.S. Edavanna,Manjeri,Edavanna(P),Areacode,11.216576,76.142188,"http://maps.google.com/maps?q=11.216576,76.142188000000004",,,,
18515,G.M.L.P.S. Eranhikode,Manjeri,Edavanna(P),Areacode,11.226293,76.157294,"http://maps.google.com/maps?q=11.226293,76.157293999999993",,,,
18548,G.M.L.P.S. Pathappiriyam,Manjeri,Edavanna(P),Areacode,11.199875,76.135465,"http://maps.google.com/maps?q=11.199875,76.135464999999996",,,,
18578,G.U.P.S. Pathappiriyam,Manjeri,Edavanna(P),Areacode,11.192846,76.135081,"http://maps.google.com/maps?q=11.192845999999999,76.135081",,,,
18566,K.M Musthafa Memorial G.L.P.S. Mundengara,Manjeri,Edavanna(P),Areacode,11.223766,76.140821,"http://maps.google.com/maps?q=11.223765999999999,76.140821000000003",,,,
18535,G M L P S Mariyad,Manjeri,Manjeri(M),,11.11729,76.127867,"http://maps.google.com/maps?q=11.117290000000001,76.127866999999995",,,,
18574,G U P S Pullur,Manjeri,Manjeri(M),,11.123529,76.118215,"http://maps.google.com/maps?q=11.123529,76.118215000000006",,,,
18028,G V H S S Nellikuth,Manjeri,Manjeri(M),,11.097388,76.182278,"http://maps.google.com/maps?q=11.097388,76.182277999999997",,,,
18023,G.G.H.S.S. Manjeri,Manjeri,Manjeri(M),,11.120218,76.118038,"http://maps.google.com/maps?q=11.120217999999999,76.118037999999999",,,,
18505,G.L.P.S. Arukizhaya,Manjeri,Manjeri(M),,11.123878,76.12379,"http://maps.google.com/maps?q=11.123877999999999,76.12379",,,,
18521,G.L.P.S. Karuvambrum West,Manjeri,Manjeri(M),,11.127181,76.101832,"http://maps.google.com/maps?q=11.127181,76.101832000000002",,,,
18532,G.L.P.S. Manjeri,Manjeri,Manjeri(M),,11.116944,76.119939,"http://maps.google.com/maps?q=11.116944,76.119939000000002",,,,
18538,G.L.P.S. Narukara,Manjeri,Manjeri(M),,11.120787,76.096863,"http://maps.google.com/maps?q=11.120787,76.096862999999999",,,,
18553,G.L.P.S. Ramankulam,Manjeri,Manjeri(M),,11.124845,76.111281,"http://maps.google.com/maps?q=11.124845000000001,76.111281000000005",,,,
18555,G.L.P.S. Thottupoyil,Manjeri,Manjeri(M),,11.123352,76.125459,"http://maps.google.com/maps?q=11.123352000000001,76.125459000000006",,,,
18523,G.M.L.P.S. Kidangazhi,Manjeri,Manjeri(M),,11.122817,76.11537,"http://maps.google.com/maps?q=11.122817,76.115369999999999",,,,
18533,G.M.L.P.S. Manjeri,Manjeri,Manjeri(M),,11.119506,76.12179,"http://maps.google.com/maps?q=11.119505999999999,76.121790000000004",,,,
18531,G.M.L.P.S. Manjeri East,Manjeri,Manjeri(M),,11.121499,76.125117,"http://maps.google.com/maps?q=11.121499,76.125117000000003",,,,
18534,G.M.L.P.S. Manjeri South,Manjeri,Manjeri(M),,11.120905,76.12658,"http://maps.google.com/maps?q=11.120905,76.126580000000004",,,,
18539,G.M.L.P.S. Nellikuth North,Manjeri,Manjeri(M),,11.10863,76.182198,"http://maps.google.com/maps?q=11.10863,76.182198",,,,
18576,G.M.U.P.S. Melakkam,Manjeri,Manjeri(M),,11.122684,76.119386,"http://maps.google.com/maps?q=11.122684,76.119386000000006",,,,
18575,G.U.P.S. Manjeri,Manjeri,Manjeri(M),,11.120277,76.115769,"http://maps.google.com/maps?q=11.120277,76.115769",,,,
18583,G.U.P.S. Veembur,Manjeri,Manjeri(M),,11.119429,76.089154,"http://maps.google.com/maps?q=11.119429,76.089153999999994",,,,
18562,G.U.P.S. Vettekkode,Manjeri,Manjeri(M),,11.114443,76.123285,"http://maps.google.com/maps?q=11.114443,76.123284999999996",,,,
18568,G.L.P.S. Pookkuth,Manjeri,Pandikkad(P),Wandoor,11.099745,76.261683,"http://maps.google.com/maps?q=11.099745,76.261683000000005",,,,
18554,G.L.P.S. Theyyampadikuth,Manjeri,Pandikkad(P),Wandoor,11.14216,76.253545,"http://maps.google.com/maps?q=11.142160000000001,76.253545000000003",,,,
18557,G.L.P.S. Valarad,Manjeri,Pandikkad(P),Wandoor,11.08377,76.230474,"http://maps.google.com/maps?q=11.083769999999999,76.230474000000001",,,,
18563,G.L.P.S. Vettikkattiri,Manjeri,Pandikkad(P),Wandoor,11.095161,76.213942,"http://maps.google.com/maps?q=11.095160999999999,76.213942000000003",,,,
18525,G.M.L.P.S. Kodasseri,Manjeri,Pandikkad(P),Wandoor,11.123438,76.233539,"http://maps.google.com/maps?q=11.123438,76.233538999999993",,,,
18540,G.M.L.P.S. Odompatta,Manjeri,Pandikkad(P),Wandoor,11.122876,76.267975,"http://maps.google.com/maps?q=11.122876,76.267975000000007",,,,
18567,G.M.L.P.S. Pandikkad,Manjeri,Pandikkad(P),Wandoor,11.097809,76.224314,"http://maps.google.com/maps?q=11.097809,76.224314000000007",,,,
18565,G.L.P.S. Cherankuth,Manjeri,Trikkalangode(P),Wandoor,11.142098,76.156858,"http://maps.google.com/maps?q=11.142098000000001,76.156858",,,,
18508,G.L.P.S. Cherukulam,Manjeri,Trikkalangode(P),Wandoor,11.13093,76.17933,"http://maps.google.com/maps?q=11.130929999999999,76.179329999999993",,,,
18510,G.L.P.S. Cheruvannur,Manjeri,Trikkalangode(P),Wandoor,11.143501,76.190853,"http://maps.google.com/maps?q=11.143501000000001,76.190853000000004",,,,
18551,G.L.P.S. Pulath,Manjeri,Trikkalangode(P),Wandoor,11.16824,76.14862,"http://maps.google.com/maps?q=11.168240000000001,76.148619999999994",,,,
18517,G.M.L.P.S. Karakunnu,Manjeri,Trikkalangode(P),Wandoor,11.169844,76.131066,"http://maps.google.com/maps?q=11.169843999999999,76.131066000000004",,,,
18529,G.M.L.P.S. Manhapatta,Manjeri,Trikkalangode(P),Wandoor,11.153943,76.151528,"http://maps.google.com/maps?q=11.153943,76.151527999999999",,,,
18572,G.U.P.S. Elankur,Manjeri,Trikkalangode(P),Wandoor,11.161189,76.182628,"http://maps.google.com/maps?q=11.161189,76.182627999999994",,,,
18636,G L P S Pooppalam Valambur,Mankada,Angadipuram(P),Perinthalmanna,10.999484,76.223165,"http://maps.google.com/maps?q=10.999484000000001,76.223164999999995",,,,
18640,G L P S Puthanangadi,Mankada,Angadipuram(P),Perinthalmanna,10.96752,76.188931,"http://maps.google.com/maps?q=10.96752,76.188930999999997",,,,
18657,G L P S Padinhattummuri,Mankada,Koottilangadi(P),Mankada,11.05881,76.11072,"http://maps.google.com/maps?q=11.058809999999999,76.110720000000001",,,,
18651,G L P S Vallikkapatta,Mankada,Koottilangadi(P),Mankada,11.06234,76.14056,"http://maps.google.com/maps?q=11.062340000000001,76.140559999999994",,,,
18660,G U P S Koottilangadi,Mankada,Koottilangadi(P),Mankada,11.03428,76.1045,"http://maps.google.com/maps?q=11.034280000000001,76.104500000000002",,,,
18664,G U P S Mankada Pallippuram,Mankada,Koottilangadi(P),Mankada,11.06096,76.12727,"http://maps.google.com/maps?q=11.06096,76.127269999999996",,,,
18616,G L P S Kuruva,Mankada,Kuruva(P),Mankada,11.007169,76.113227,"http://maps.google.com/maps?q=11.007168999999999,76.113226999999995",,,,
18634,G L P S Meenarkuzhi,Mankada,Kuruva(P),Mankada,11.00891,76.105324,"http://maps.google.com/maps?q=11.00891,76.105323999999996",,,,
18628,G L P S Pang,Mankada,Kuruva(P),Mankada,10.97204,76.10226,"http://maps.google.com/maps?q=10.97204,76.102260000000001",,,,
18666,Govt. U P School Pang,Mankada,Kuruva(P),Mankada,10.97188,76.09979,"http://maps.google.com/maps?q=10.971880000000001,76.099789999999999",,,,
18637,G L P S Pothukundu,Mankada,Makkaraparamba(P),Mankada,11.01726,76.12361,"http://maps.google.com/maps?q=11.01726,76.123609999999999",,,,
18645,G M L P S Vadakkangara,Mankada,Makkaraparamba(P),Mankada,11.01785,76.15089,"http://maps.google.com/maps?q=11.017849999999999,76.150890000000004",,,,
18612,G L P S Karkidakam,Mankada,Mankada(P),Mankada,11.02328,76.16835,"http://maps.google.com/maps?q=11.02328,76.168350000000004",,,,
18618,G L P S Mankada,Mankada,Mankada(P),Mankada,11.01547,76.1772,"http://maps.google.com/maps?q=11.015470000000001,76.177199999999999",,,,
18653,G L P S Vellila,Mankada,Mankada(P),Mankada,11.04219,76.15606,"http://maps.google.com/maps?q=11.04219,76.156059999999997",,,,
18078,G H S S Kadungapuram,Mankada,Puzhakkattiri(P),Mankada,10.98095,76.13832,"http://maps.google.com/maps?q=10.98095,76.138319999999993",,,,
18607,G L P S Chovana,Mankada,Puzhakkattiri(P),Mankada,10.989385,76.136606,"http://maps.google.com/maps?q=10.989385,76.136606",,,,
18626,G L P S Palakaparambil,Mankada,Puzhakkattiri(P),Mankada,10.97117,76.11529,"http://maps.google.com/maps?q=10.971170000000001,76.115290000000002",,,,
48304,G.L.P.S. Cheriparamba,Melattur,Edappatta(P),Kalikavu,11.06386,76.32604,"http://maps.google.com/maps?q=11.06386,76.326040000000006",,,,
48339,G.L.P.S. Edappatta,Melattur,Edappatta(P),Kalikavu,11.08461,76.27665,"http://maps.google.com/maps?q=11.08461,76.276650000000004",,,,
48320,G.L.P.S. Kombamkallu,Melattur,Edappatta(P),Kalikavu,11.051583,76.304587,"http://maps.google.com/maps?q=11.051583000000001,76.304586999999998",,,,
48319,G.L.P.S. Pathirikode,Melattur,Edappatta(P),Kalikavu,11.06791,76.30332,"http://maps.google.com/maps?q=11.067909999999999,76.303319999999999",,,,
48323,G.L.P.S. Pezhumthara,Melattur,Edappatta(P),Kalikavu,11.05796,76.2899,"http://maps.google.com/maps?q=11.05796,76.289900000000003",,,,
48321,G.L.P.S. Pattikkad,Melattur,Keezhattur(P),Perinthalmanna,11.01924,76.23566,"http://maps.google.com/maps?q=11.01924,76.235659999999996",,,,
48317,G.M.L.P.S. Nenmini,Melattur,Keezhattur(P),Perinthalmanna,11.05346,76.2094,"http://maps.google.com/maps?q=11.053459999999999,76.209400000000002",,,,
48333,G.M.U.P.S. Oravambram,Melattur,Keezhattur(P),Perinthalmanna,11.08214,76.21665,"http://maps.google.com/maps?q=11.082140000000001,76.216650000000001",,,,
48330,G.L.P.S. Chemmaniyode,Melattur,Melattur(P),Perinthalmanna,11.04589,76.2827,"http://maps.google.com/maps?q=11.04589,76.282700000000006",,,,
48310,G.L.P.S. Kizhakkumpadam,Melattur,Melattur(P),Perinthalmanna,11.07034,76.28655,"http://maps.google.com/maps?q=11.07034,76.286550000000005",,,,
48329,G.L.P.S. Valayapuram,Melattur,Melattur(P),Perinthalmanna,11.04503,76.27342,"http://maps.google.com/maps?q=11.045030000000001,76.273420000000002",,,,
48326,M.P.G.L.P.S. Puthanpally,Melattur,Melattur(P),Perinthalmanna,11.03177,76.28002,"http://maps.google.com/maps?q=11.03177,76.280019999999993",,,,
48309,G.L.P.S. Kara,Melattur,Vettathur(P),Perinthalmanna,11.00977,76.32209,"http://maps.google.com/maps?q=11.00977,76.322090000000003",,,,
48315,G.L.P.S. Melkulangara,Melattur,Vettathur(P),Perinthalmanna,11.01389,76.26571,"http://maps.google.com/maps?q=11.01389,76.265709999999999",,,,
48328,G.L.P.S. Thelakkad,Melattur,Vettathur(P),Perinthalmanna,11.02292,76.25808,"http://maps.google.com/maps?q=11.022919999999999,76.258080000000007",,,,
48318,G.M.L.P.S. Pallikuth,Melattur,Vettathur(P),Perinthalmanna,11.01528,76.22959,"http://maps.google.com/maps?q=11.015280000000001,76.229590000000002",,,,
48410,Edivanna Estate GLPS,Nilambur,Chaliyar(P),Nilambur,11.31663,76.20428,"http://maps.google.com/maps?q=11.31663,76.204279999999997",,,,
48455,Eranhimangad GUPS,Nilambur,Chaliyar(P),Nilambur,11.30661,76.21019,"http://maps.google.com/maps?q=11.306609999999999,76.210189999999997",,,,
48416,Konamunda GLPS,Nilambur,Chaliyar(P),Nilambur,11.32322,76.21861,"http://maps.google.com/maps?q=11.323219999999999,76.218609999999998",,,,
48425,Mooleppadam GLPS,Nilambur,Chaliyar(P),Nilambur,11.32223,76.19252,"http://maps.google.com/maps?q=11.322229999999999,76.192520000000002",,,,
48463,Myladi GUPS,Nilambur,Chaliyar(P),Nilambur,11.30432,76.23129,"http://maps.google.com/maps?q=11.304320000000001,76.231290000000001",,,,
48437,Perumbathur GLPS,Nilambur,Chaliyar(P),Nilambur,11.34724,76.21509,"http://maps.google.com/maps?q=11.347239999999999,76.215090000000004",,,,
48446,Valanthode GTLPS,Nilambur,Chaliyar(P),Nilambur,11.3254,76.19236,"http://maps.google.com/maps?q=11.3254,76.192359999999994",,,,
48408,GLPS Chungathara Panchayath,Nilambur,Chungathara(P),Nilambur,11.352719,76.265172,"http://maps.google.com/maps?q=11.352719,76.265172000000007",,,,
48414,GLPS Kattumunda East,Nilambur,Mampad(P),Wandoor,11.234498,76.208361,"http://maps.google.com/maps?q=11.234498,76.208360999999996",,,,
48423,GLPS Meppadam,Nilambur,Mampad(P),Wandoor,11.22918,76.18182,"http://maps.google.com/maps?q=11.229179999999999,76.181820000000002",,,,
48413,GMLPS Panthalingal,Nilambur,Mampad(P),Wandoor,11.22118,76.19803,"http://maps.google.com/maps?q=11.22118,76.198030000000003",,,,
48420,Mampad North GMLPS,Nilambur,Mampad(P),Wandoor,11.247311,76.180297,"http://maps.google.com/maps?q=11.247311,76.180296999999996",,,,
48429,Naduvakkad GLPS,Nilambur,Mampad(P),Wandoor,11.24277,76.19103,"http://maps.google.com/maps?q=11.24277,76.191029999999998",,,,
48441,Pullippadam GLPS,Nilambur,Mampad(P),Wandoor,11.24638,76.17012,"http://maps.google.com/maps?q=11.24638,76.170119999999997",,,,
48445,Vadapuram GMLPS,Nilambur,Mampad(P),Wandoor,11.258116,76.20282,"http://maps.google.com/maps?q=11.258115999999999,76.202820000000003",,,,
48431,GMLPS Nilambur,Nilambur,Nilambur(M),,11.284931,76.23748,"http://maps.google.com/maps?q=11.284931,76.237480000000005",,,,
48466,Nilambur GMUPS,Nilambur,Nilambur(M),,11.27587,76.22294,"http://maps.google.com/maps?q=11.275869999999999,76.222939999999994",,,,
48448,Veettikuth GLPS,Nilambur,Nilambur(M),,11.27405,76.22877,"http://maps.google.com/maps?q=11.274050000000001,76.228769999999997",,,,
19430,G. L .P. S. Melodiparamba,Parappanangadi,Moonniyur(P),Tirurangadi,11.106254,75.90489,"http://maps.google.com/maps?q=11.106254,75.904889999999995",,,,
19436,G. M. L. P. S. Velimukku,Parappanangadi,Moonniyur(P),Tirurangadi,11.099083,75.89457,"http://maps.google.com/maps?q=11.099083,75.894570000000002",,,,
19408,G. F. L. P. S. Parappanangadi,Parappanangadi,Parappanangadi(M),,11.070636,75.847279,"http://maps.google.com/maps?q=11.070636,75.847279",,,,
19433,G. L. P. S. Parappanangadi,Parappanangadi,Parappanangadi(M),,11.06918,75.85364,"http://maps.google.com/maps?q=11.069179999999999,75.853639999999999",,,,
19432,G. M. L. P. S. Parappanangadi,Parappanangadi,Parappanangadi(M),,11.060829,75.84904,"http://maps.google.com/maps?q=11.060829,75.849040000000002",,,,
19410,G. M. U. P. S. Puthan Kadappuram,Parappanangadi,Parappanangadi(M),,11.04971,75.85147,"http://maps.google.com/maps?q=11.049709999999999,75.851470000000006",,,,
19401,G. L. P. S. Anappadi,Parappanangadi,Parappanangadi(P),Tirurangadi,11.07553,75.85647,"http://maps.google.com/maps?q=11.075530000000001,75.856470000000002",,,,
19434,G. M. L. P. S. Parappanangadi Town,Parappanangadi,Parappanangadi(P),Tirurangadi,11.04823,75.85857,"http://maps.google.com/maps?q=11.04823,75.85857",,,,
19451,G. H. S. Trikkulam,Parappanangadi,Tirurangadi(M),,11.04218,75.90944,"http://maps.google.com/maps?q=11.04218,75.909440000000004",,,,
19414,G. L. P. S. Thirurangadi,Parappanangadi,Tirurangadi(M),,11.044321,75.923696,"http://maps.google.com/maps?q=11.044321,75.923696000000007",,,,
19417,G. L. P. S. Venniyur,Parappanangadi,Tirurangadi(M),,11.014938,75.938959,"http://maps.google.com/maps?q=11.014938000000001,75.938958999999997",,,,
19412,G. M. L. P. S. Thirurangadi,Parappanangadi,Tirurangadi(M),,11.035572,75.926976,"http://maps.google.com/maps?q=11.035572,75.926975999999996",,,,
19441,G. M. U. P. S. Kakkad,Parappanangadi,Tirurangadi(M),,11.03522,75.93824,"http://maps.google.com/maps?q=11.035220000000001,75.938239999999993",,,,
19453,G. M. U. P. S. Venniyur,Parappanangadi,Tirurangadi(M),,11.015067,75.953727,"http://maps.google.com/maps?q=11.015067,75.953727000000001",,,,
19449,G. W. U. P. S. Trikkulam,Parappanangadi,Tirurangadi(M),,11.04346,75.90143,"http://maps.google.com/maps?q=11.04346,75.901430000000005",,,,
18097,G H S Aliparamba,Perinthalmanna,Aliparamba(P),Perinthalmanna,10.918934,76.312984,"http://maps.google.com/maps?q=10.918934,76.312984",,,,
18739,GMLPS Thootha,Perinthalmanna,Aliparamba(P),Perinthalmanna,10.9188,76.28679,"http://maps.google.com/maps?q=10.918799999999999,76.286789999999996",,,,
18716,GLPS Kunnakkavu,Perinthalmanna,Elamkulam(P),Perinthalmanna,10.90472,76.24743,"http://maps.google.com/maps?q=10.904719999999999,76.247429999999994",,,,
18728,GLPS Parakkalmukku,Perinthalmanna,Elamkulam(P),Perinthalmanna,10.915345,76.235166,"http://maps.google.com/maps?q=10.915345,76.235166000000007",,,,
18731,GLPS Perinthalmanna East,Perinthalmanna,Perinthalmanna(M),,10.971887,76.232647,"http://maps.google.com/maps?q=10.971887000000001,76.232647",,,,
18715,GMLPS Kakkooth,Perinthalmanna,Perinthalmanna(M),,10.983306,76.224638,"http://maps.google.com/maps?q=10.983306000000001,76.224637999999999",,,,
18730,GMLPS Perinthalmanna Central,Perinthalmanna,Perinthalmanna(M),,10.978076,76.22629,"http://maps.google.com/maps?q=10.978076,76.226290000000006",,,,
18758,GMUPS Valapuram,Perinthalmanna,Pulamanthole(P),Perinthalmanna,10.921364,76.165784,"http://maps.google.com/maps?q=10.921364000000001,76.165784000000002",,,,
18705,GLPS Arakkuparamba,Perinthalmanna,Thazhekode(P),Perinthalmanna,10.99145,76.32638,"http://maps.google.com/maps?q=10.99145,76.32638",,,,
18717,GLPS Kappumugham,Perinthalmanna,Thazhekode(P),Perinthalmanna,10.96044,76.28634,"http://maps.google.com/maps?q=10.96044,76.286339999999996",,,,
18725,GLPS Pallikunnu,Perinthalmanna,Thazhekode(P),Perinthalmanna,10.99871,76.32037,"http://maps.google.com/maps?q=10.998710000000001,76.320369999999997",,,,
18723,GMLPS Muthiramanna,Perinthalmanna,Thazhekode(P),Perinthalmanna,10.95579,76.29689,"http://maps.google.com/maps?q=10.95579,76.296890000000005",,,,
18736,GMLPS Puthur,Perinthalmanna,Thazhekode(P),Perinthalmanna,10.98731,76.34923,"http://maps.google.com/maps?q=10.987310000000001,76.349230000000006",,,,
18737,GMLPS Thazhekode,Perinthalmanna,Thazhekode(P),Perinthalmanna,10.95695,76.30481,"http://maps.google.com/maps?q=10.956950000000001,76.304810000000003",,,,
19054,G. H. S. S. Maranchery,Ponnani,Maranchery(P),Perumpadappa,10.74075,75.97083,"http://maps.google.com/maps?q=10.74075,75.970830000000007",,,,
19533,G. L. P. S. Kanhiramukku,Ponnani,Maranchery(P),Perumpadappa,10.75871,75.96689,"http://maps.google.com/maps?q=10.758710000000001,75.966890000000006",,,,
19541,G. F. U. P. S. Palapetty,Ponnani,Perumpadappa(P),Perumpadappa,10.703471,75.952635,"http://maps.google.com/maps?q=10.703471,75.952635000000001",,,,
19506,G. F. L. P. S. Ponnani,Ponnani,Ponnani(M),,10.74474,75.93421,"http://maps.google.com/maps?q=10.74474,75.934209999999993",,,,
19535,G. F. L. P. S. Puthuponnani,Ponnani,Ponnani(M),,10.778658,75.919522,"http://maps.google.com/maps?q=10.778658,75.919522000000001",,,,
19544,G. F. U. P. S. Kadavanad,Ponnani,Ponnani(M),,10.754025,75.94154,"http://maps.google.com/maps?q=10.754025,75.941540000000003",,,,
19045,G. H. S. S. Trikkavu,Ponnani,Ponnani(M),,10.778978,75.931124,"http://maps.google.com/maps?q=10.778978,75.931123999999997",,,,
19537,G. L. P. S. Velleri,Ponnani,Ponnani(M),,10.783648,75.931891,"http://maps.google.com/maps?q=10.783647999999999,75.931890999999993",,,,
19507,G. M. L. P. S. Ponnani Town,Ponnani,Ponnani(M),,10.775853,75.922213,"http://maps.google.com/maps?q=10.775853,75.922212999999999",,,,
19539,G. U. P. S. Cheruvayikkara,Ponnani,Ponnani(M),,10.7891,75.96361,"http://maps.google.com/maps?q=10.789099999999999,75.963610000000003",,,,
19536,G. F. L. P. S. Veliyancode,Ponnani,Veliyancode(P),Perumpadappa,10.720422,75.943878,"http://maps.google.com/maps?q=10.720421999999999,75.943877999999998",,,,
19516,G. L. P. S. Veliyancode Gramam,Ponnani,Veliyancode(P),Perumpadappa,10.71558,75.96,"http://maps.google.com/maps?q=10.715579999999999,75.959999999999994",,,,
19519,G. M. L. P. S. Veliyancode,Ponnani,Veliyancode(P),Perumpadappa,10.74894,75.946814,"http://maps.google.com/maps?q=10.748939999999999,75.946814000000003",,,,
19543,G. M. U. P. S. Veliyancode South,Ponnani,Veliyancode(P),Perumpadappa,10.72548,75.95257,"http://maps.google.com/maps?q=10.725479999999999,75.952569999999994",,,,
19609,G. M. L. P. S. Iringavoor,Tanur,Cheriyamundam(P),Tanur,10.93993,75.93952,"http://maps.google.com/maps?q=10.93993,75.939520000000002",,,,
19626,G. M. L. P. S. Parapputhadam,Tanur,Cheriyamundam(P),Tanur,10.93466,75.94725,"http://maps.google.com/maps?q=10.934659999999999,75.947249999999997",,,,
19631,G. M. L. P. S. Ponmundam South,Tanur,Cheriyamundam(P),Tanur,10.94892,75.95095,"http://maps.google.com/maps?q=10.948919999999999,75.950950000000006",,,,
19642,G. M. L. P. S. Thalakadathur,Tanur,Cheriyamundam(P),Tanur,10.939,75.93746,"http://maps.google.com/maps?q=10.939,75.937460000000002",,,,
19622,G. L. P. S. Nannambra,Tanur,Nannambra(P),Tirurangadi,10.99566,75.90959,"http://maps.google.com/maps?q=10.995660000000001,75.909589999999994",,,,
19602,G. M. L. P. S. Cherumukku,Tanur,Nannambra(P),Tirurangadi,11.02253,75.92435,"http://maps.google.com/maps?q=11.02253,75.924350000000004",,,,
19644,G. M. L. P. S. Thiruthy,Tanur,Nannambra(P),Tirurangadi,11.01611,75.90044,"http://maps.google.com/maps?q=11.016109999999999,75.900440000000003",,,,
19669,G. M. U. P. S. Kodinhi,Tanur,Nannambra(P),Tirurangadi,11.01703,75.91072,"http://maps.google.com/maps?q=11.01703,75.910719999999998",,,,
19662,G. L. P. S. Ozhur,Tanur,Ozhur(P),Tanur,10.966,75.90611,"http://maps.google.com/maps?q=10.965999999999999,75.906109999999998",,,,
19616,G. M. L. P. S. Korad,Tanur,Ozhur(P),Tanur,10.98109,75.91401,"http://maps.google.com/maps?q=10.98109,75.914010000000005",,,,
19619,G. M. L. P. S. Manalipuzha,Tanur,Ozhur(P),Tanur,10.99046,75.92562,"http://maps.google.com/maps?q=10.990460000000001,75.925619999999995",,,,
19667,G. U. P. S. Karingappara,Tanur,Ozhur(P),Tanur,10.9862,75.94249,"http://maps.google.com/maps?q=10.9862,75.942490000000006",,,,
19611,G. L. P. S. Klari West,Tanur,Perumanna klari(P),Tanur,10.98592,75.96797,"http://maps.google.com/maps?q=10.98592,75.967969999999994",,,,
19661,G. M. L. P. S. Kuttippala,Tanur,Perumanna klari(P),Tanur,10.96675,75.96111,"http://maps.google.com/maps?q=10.966749999999999,75.961110000000005",,,,
19119,G. H. S. S. Ponmundam,Tanur,Ponmundam(P),Tanur,10.957123,75.956855,"http://maps.google.com/maps?q=10.957122999999999,75.956855000000004",,,,
19671,G H S Meenadathur,Tanur,Tanalur(P),Tanur,10.942207,75.910048,"http://maps.google.com/maps?q=10.942207,75.910048000000003",,,,
19660,G. L. P. S. K.Puram,Tanur,Tanalur(P),Tanur,10.95149,75.89791,"http://maps.google.com/maps?q=10.95149,75.897909999999996",,,,
19636,A. M. L. P. S. Kormanthala,Tanur,Tanur(M),,10.98716,75.867883,"http://maps.google.com/maps?q=10.987159999999999,75.867883000000006",,,,
19024,G. H. S. S. Kattilangadi,Tanur,Tanur(M),,10.97254,75.89182,"http://maps.google.com/maps?q=10.97254,75.891819999999996",,,,
19663,G. L. P. S. Pariyapuram,Tanur,Tanur(M),,11.00222,75.87384,"http://maps.google.com/maps?q=11.002219999999999,75.873840000000001",,,,
19629,G. L. P. S. Rayirimangalam,Tanur,Tanur(M),,10.99357,75.8731,"http://maps.google.com/maps?q=10.99357,75.873099999999994",,,,
19635,G. L. P. S. Rayirimangalam East,Tanur,Tanur(M),,10.990609,75.877507,"http://maps.google.com/maps?q=10.990608999999999,75.877506999999994",,,,
19664,G. L. P. S. Tanur,Tanur,Tanur(M),,10.974337,75.8792,"http://maps.google.com/maps?q=10.974337,75.879199999999997",,,,
19624,G. M. L. P. S. Panangattur,Tanur,Tanur(M),,10.99021,75.89738,"http://maps.google.com/maps?q=10.990209999999999,75.897379999999998",,,,
19633,G. M. L. P. S. Puthiyakadppuram North,Tanur,Tanur(M),,10.950653,75.877138,"http://maps.google.com/maps?q=10.950653000000001,75.877138000000002",,,,
19637,G. M. L. P. S. Rayirimangalam,Tanur,Tanur(M),,10.98098,75.87693,"http://maps.google.com/maps?q=10.980980000000001,75.876930000000002",,,,
19640,G. M. L. P. S. Tanur North,Tanur,Tanur(M),,10.98312,75.869813,"http://maps.google.com/maps?q=10.98312,75.869812999999994",,,,
19673,G. M. U. P. S. Tanur Town,Tanur,Tanur(M),,10.97752,75.871183,"http://maps.google.com/maps?q=10.97752,75.871183000000002",,,,
19607,G. M. L. P. S. Edakadappuram,Tanur,Tanur(P),Tanur,10.96927,75.872743,"http://maps.google.com/maps?q=10.96927,75.872743",,,,
19613,G. L. P. S. Kanmanam,Tanur,Valavannur(P),Tanur,10.906296,75.982985,"http://maps.google.com/maps?q=10.906295999999999,75.982984999999999",,,,
19605,G. M. L. P. S. Cheruvannur,Tanur,Valavannur(P),Tanur,10.928094,75.97306,"http://maps.google.com/maps?q=10.928094,75.973060000000004",,,,
19646,G. M. L. P. S. Valavannur,Tanur,Valavannur(P),Tanur,10.958043,75.976714,"http://maps.google.com/maps?q=10.958043,75.976714000000001",,,,
19713,G. M. L. P. S. Kuttayi North,Tirur,Mangalam(P),Tirur,10.849138,75.901949,"http://maps.google.com/maps?q=10.849138,75.901949000000002",,,,
19719,G. M. L. P. S. Mangalam,Tirur,Mangalam(P),Tirur,10.854956,75.920976,"http://maps.google.com/maps?q=10.854956,75.920975999999996",,,,
19723,G. M. L. P. S. Muttannur,Tirur,Purathur(P),Tirur,10.83277,75.91496,"http://maps.google.com/maps?q=10.83277,75.914959999999994",,,,
19774,G. M. U. P. S. Edakkanad,Tirur,Purathur(P),Tirur,10.82337,75.92015,"http://maps.google.com/maps?q=10.823370000000001,75.920150000000007",,,,
19777,G. U. P. S. Purathupadinjarekkara,Tirur,Purathur(P),Tirur,10.80976,75.90925,"http://maps.google.com/maps?q=10.809760000000001,75.90925",,,,
19775,G. U. P. S. Purathur,Tirur,Purathur(P),Tirur,10.80417,75.92182,"http://maps.google.com/maps?q=10.804169999999999,75.921819999999997",,,,
19765,G. W. L. P. S. Purathur,Tirur,Purathur(P),Tirur,10.80058,75.91946,"http://maps.google.com/maps?q=10.80058,75.919460000000001",,,,
19740,G. M. L. P. S. Vettam Pallippuram,Tirur,Triprangode(P),Tirur,10.82254,75.95126,"http://maps.google.com/maps?q=10.82254,75.951260000000005",,,,
19781,G. M. U. P. S. Paravanna,Tirur,Vettom(P),Tirur,10.900722,75.89231,"http://maps.google.com/maps?q=10.900722,75.892309999999995",,,,
19867,GHS Kolappuram,Vengara,Abdul Rahiman Nagar(P),Vengara,11.05608,75.935,"http://maps.google.com/maps?q=11.05608,75.935000000000002",,,,
19840,GLPS Pukayur,Vengara,Abdul Rahiman Nagar(P),Vengara,11.073853,75.91443,"http://maps.google.com/maps?q=11.073853,75.914429999999996",,,,
19822,GMLPS Mampuram,Vengara,Abdul Rahiman Nagar(P),Vengara,11.0561,75.92042,"http://maps.google.com/maps?q=11.056100000000001,75.920419999999993",,,,
19859,GUPS AR Nagar,Vengara,Abdul Rahiman Nagar(P),Vengara,11.07172,75.94703,"http://maps.google.com/maps?q=11.071719999999999,75.947029999999998",,,,
19077,GHSS Puthuparamba,Vengara,Edarikode(P),Vengara,11.02323,75.97062,"http://maps.google.com/maps?q=11.02323,75.970619999999997",,,,
19812,GLPS Klari,Vengara,Edarikode(P),Vengara,10.98731,75.98458,"http://maps.google.com/maps?q=10.987310000000001,75.984579999999994",,,,
19866,GUPS Klari,Vengara,Edarikode(P),Vengara,10.99273,75.97987,"http://maps.google.com/maps?q=10.99273,75.979870000000005",,,,
19862,CHAKKEERI AHAMMED KUTTY MEMORIAL G.M.U.P.S.CHERUR,Vengara,Kannamangalam(P),Vengara,11.0683,75.98593,"http://maps.google.com/maps?q=11.068300000000001,75.985929999999996",,,,
19810,GLPS Kannamangalam,Vengara,Kannamangalam(P),Vengara,11.07684,75.96965,"http://maps.google.com/maps?q=11.076840000000001,75.969650000000001",,,,
19826,GLPS Nottappuram,Vengara,Kannamangalam(P),Vengara,11.063657,75.974144,"http://maps.google.com/maps?q=11.063656999999999,75.974143999999995",,,,
19802,GMLPS Cherur,Vengara,Kannamangalam(P),Vengara,11.073861,75.985242,"http://maps.google.com/maps?q=11.073861000000001,75.985242",,,,
19808,GMLPS Edakkaparamba,Vengara,Kannamangalam(P),Vengara,11.0863,75.96675,"http://maps.google.com/maps?q=11.0863,75.966750000000005",,,,
19814,GMLPS Kilinakode,Vengara,Kannamangalam(P),Vengara,11.07687,76.00053,"http://maps.google.com/maps?q=11.07687,76.000529999999998",,,,
19864,GMUPS Kannamangalam,Vengara,Kannamangalam(P),Vengara,11.07803,75.97556,"http://maps.google.com/maps?q=11.07803,75.975560000000002",,,,
19820,G L P S Othukkungal,Vengara,Othukkungal(P),Malappuram,11.02562,76.02641,"http://maps.google.com/maps?q=11.02562,76.026409999999998",,,,
19804,GMLPS Cherukunnu,Vengara,Othukkungal(P),Malappuram,11.012736,76.011487,"http://maps.google.com/maps?q=11.012736,76.011487000000002",,,,
19838,GMLPS Puthur,Vengara,Othukkungal(P),Malappuram,11.0036,76.01524,"http://maps.google.com/maps?q=11.0036,76.015240000000006",,,,
19863,G U P S Cholakundu,Vengara,Parappur(P),Vengara,11.01839,75.98502,"http://maps.google.com/maps?q=11.01839,75.985020000000006",,,,
19809,GMLPS Iringallur,Vengara,Parappur(P),Vengara,11.02338,76.00708,"http://maps.google.com/maps?q=11.02338,76.007080000000002",,,,
19073,GHSS Peruvallur,Vengara,Peruvallur(P),Tirurangadi,11.10531,75.92466,"http://maps.google.com/maps?q=11.105309999999999,75.924660000000003",,,,
19833,GLPS Olakara,Vengara,Peruvallur(P),Tirurangadi,11.083855,75.930001,"http://maps.google.com/maps?q=11.083855,75.930001000000004",,,,
19836,GLPS Peruvallur,Vengara,Peruvallur(P),Tirurangadi,11.11383,75.92521,"http://maps.google.com/maps?q=11.11383,75.925210000000007",,,,
19816,GMLPS Koomanna,Vengara,Peruvallur(P),Tirurangadi,11.0874,75.91355,"http://maps.google.com/maps?q=11.087400000000001,75.913550000000001",,,,
19805,GMLPS C.U. Campus,Vengara,Thenhippalam(P),Tirurangadi,11.13099,75.89186,"http://maps.google.com/maps?q=11.130990000000001,75.891859999999994",,,,
19853,GMLPS Koyappa,Vengara,Thenhippalam(P),Tirurangadi,11.12188,75.89622,"http://maps.google.com/maps?q=11.121880000000001,75.89622",,,,
19871,GUPS Thenhippalam,Vengara,Thenhippalam(P),Tirurangadi,11.12959,75.87162,"http://maps.google.com/maps?q=11.12959,75.871619999999993",,,,
19828,G M L P S Karathode,Vengara,Uragam(P),Vengara,11.063009,76.013635,"http://maps.google.com/maps?q=11.063008999999999,76.013634999999994",,,,
19818,GLPS Kodalikundu,Vengara,Uragam(P),Vengara,11.06051,76.0025,"http://maps.google.com/maps?q=11.060510000000001,76.002499999999998",,,,
19855,GLPS Orakam Kizhumuri,Vengara,Uragam(P),Vengara,11.052021,75.993125,"http://maps.google.com/maps?q=11.052021,75.993125000000006",,,,
19830,GLPS Orakam Melmuri,Vengara,Uragam(P),Vengara,11.063756,76.031395,"http://maps.google.com/maps?q=11.063756,76.031395000000003",,,,
19824,GMLPS Orakam Kizhmuri,Vengara,Uragam(P),Vengara,11.050383,76.011311,"http://maps.google.com/maps?q=11.050383,76.011311000000006",,,,
19868,G H S Kuruka,Vengara,Vengara(P),Vengara,11.03964,75.96862,"http://maps.google.com/maps?q=11.03964,75.968620000000001",,,,
19841,GLPS Thattancherimala,Vengara,Vengara(P),Vengara,11.045565,75.945858,"http://maps.google.com/maps?q=11.045565,75.945858000000001",,,,
19014,GMVHSS Vengara Town,Vengara,Vengara(P),Vengara,11.049436,75.977941,"http://maps.google.com/maps?q=11.049436,75.977941000000001",,,,
19872,GUPS Valiyora,Vengara,Vengara(P),Vengara,11.04873,75.94971,"http://maps.google.com/maps?q=11.048730000000001,75.949709999999996",,,,
48510,Chokkad Girijan Colony GLPS,Wandoor,Chokkad(P),Kalikavu,11.235471,76.355498,"http://maps.google.com/maps?q=11.235471,76.355497999999997",,,,
48551,Chokkad GMUPS,Wandoor,Chokkad(P),Kalikavu,11.22275,76.33407,"http://maps.google.com/maps?q=11.22275,76.334069999999997",,,,
48512,Kallamoola GLPS,Wandoor,Chokkad(P),Kalikavu,11.21466,76.3377,"http://maps.google.com/maps?q=11.21466,76.337699999999998",,,,
48517,Kooripoyil GLPS,Wandoor,Chokkad(P),Kalikavu,11.199853,76.297753,"http://maps.google.com/maps?q=11.199852999999999,76.297753",,,,
48557,Maliyekkal GUPS,Wandoor,Chokkad(P),Kalikavu,11.194906,76.308246,"http://maps.google.com/maps?q=11.194906,76.308245999999997",,,,
48519,Mampattumoola GLPS,Wandoor,Chokkad(P),Kalikavu,11.221497,76.317112,"http://maps.google.com/maps?q=11.221496999999999,76.317111999999995",,,,
48522,Pedayenthal GLPS,Wandoor,Chokkad(P),Kalikavu,11.229359,76.340071,"http://maps.google.com/maps?q=11.229359000000001,76.340070999999995",,,,
48530,Pullengode GMLPS,Wandoor,Chokkad(P),Kalikavu,11.200585,76.337047,"http://maps.google.com/maps?q=11.200585,76.337046999999998",,,,
48539,Uthirampoyil GLPS,Wandoor,Chokkad(P),Kalikavu,11.187986,76.326545,"http://maps.google.com/maps?q=11.187986,76.326544999999996",,,,
48501,Adakkakundu GLPS,Wandoor,Kalikavu(P),Kalikavu,11.163786,76.347608,"http://maps.google.com/maps?q=11.163786,76.347607999999994",,,,
48504,Amapoyil GLPS,Wandoor,Kalikavu(P),Kalikavu,11.161726,76.308576,"http://maps.google.com/maps?q=11.161726,76.308576000000002",,,,
48549,G.H.S Anchachavadi,Wandoor,Kalikavu(P),Kalikavu,11.18653,76.29057,"http://maps.google.com/maps?q=11.186529999999999,76.290570000000002",,,,
48553,Kalikavu Bazar G M U P S,Wandoor,Kalikavu(P),Kalikavu,11.1686,76.32662,"http://maps.google.com/maps?q=11.1686,76.326620000000005",,,,
48523,Pallisseri GLPS,Wandoor,Kalikavu(P),Kalikavu,11.179967,76.303281,"http://maps.google.com/maps?q=11.179967,76.303280999999998",,,,
48528,Poongode GLPS,Wandoor,Kalikavu(P),Kalikavu,11.170319,76.278984,"http://maps.google.com/maps?q=11.170318999999999,76.278983999999994",,,,
48513,Karuvarakundu GLPS,Wandoor,Karuvarakundu(P),Kalikavu,11.112713,76.327713,"http://maps.google.com/maps?q=11.112712999999999,76.327713000000003",,,,
48515,Kizhakkethala GLPS,Wandoor,Karuvarakundu(P),Kalikavu,11.124123,76.341958,"http://maps.google.com/maps?q=11.124123000000001,76.341958000000005",,,,
48516,Koithakundu GLPS,Wandoor,Karuvarakundu(P),Kalikavu,11.134268,76.32921,"http://maps.google.com/maps?q=11.134268,76.329210000000003",,,,
48559,Pazhayakadakkal GUPS,Wandoor,Karuvarakundu(P),Kalikavu,11.142177,76.347892,"http://maps.google.com/maps?q=11.142177,76.347892000000002",,,,
48531,Pulvetta GLPS,Wandoor,Karuvarakundu(P),Kalikavu,11.113843,76.338093,"http://maps.google.com/maps?q=11.113842999999999,76.338093000000001",,,,
48533,Tharish GLPS,Wandoor,Karuvarakundu(P),Kalikavu,11.125284,76.349711,"http://maps.google.com/maps?q=11.125284000000001,76.349710999999999",,,,
48524,Pattanamkundu GLPS,Wandoor,Porur(P),Wandoor,11.157699,76.179054,"http://maps.google.com/maps?q=11.157698999999999,76.179053999999994",,,,
48529,V.M.D Memorial Govt L.P.S Porur,Wandoor,Porur(P),Wandoor,11.163351,76.249634,"http://maps.google.com/maps?q=11.163351,76.249634",,,,
48545,Chadangamkulam GLPS,Wandoor,Thiruvali(P),Wandoor,11.217016,76.221099,"http://maps.google.com/maps?q=11.217015999999999,76.221098999999995",,,,
48536,Thiruvali GLPS,Wandoor,Thiruvali(P),Wandoor,11.200862,76.170914,"http://maps.google.com/maps?q=11.200862000000001,76.170913999999996",,,,
48502,Akkarakulam GLPS,Wandoor,Thuvvur(P),Kalikavu,11.12351,76.292331,"http://maps.google.com/maps?q=11.12351,76.292331000000004",,,,
48558,G H S Neelanchery,Wandoor,Thuvvur(P),Kalikavu,11.145257,76.322666,"http://maps.google.com/maps?q=11.145257000000001,76.322665999999998",,,,
48520,Mampuzha GLPS,Wandoor,Thuvvur(P),Kalikavu,11.121202,76.312344,"http://maps.google.com/maps?q=11.121202,76.312343999999996",,,,
48521,Mundakkode GLPS,Wandoor,Thuvvur(P),Kalikavu,11.103337,76.269121,"http://maps.google.com/maps?q=11.103337,76.269120999999998",,,,
48538,Thuvvur GLPS,Wandoor,Thuvvur(P),Kalikavu,11.111585,76.284165,"http://maps.google.com/maps?q=11.111585,76.284165000000002",,,,
48049,G G V H S S Wandoor,Wandoor,Wandoor(P),Wandoor,11.19562,76.234259,"http://maps.google.com/maps?q=11.19562,76.234258999999994",,,,
48526,Pazhedam Panampoyil GLPS,Wandoor,Wandoor(P),Wandoor,11.21106,76.292804,"http://maps.google.com/maps?q=11.21106,76.292804000000004",,,,
48527,Pookkulam GLPS,Wandoor,Wandoor(P),Wandoor,11.18966,76.234066,"http://maps.google.com/maps?q=11.18966,76.234065999999999",,,,
48532,Santhinagar GLPS,Wandoor,Wandoor(P),Wandoor,11.208766,76.260674,"http://maps.google.com/maps?q=11.208766000000001,76.260673999999995",,,,
48540,Vaniyambalam CKAGLPS,Wandoor,Wandoor(P),Wandoor,11.188604,76.262534,"http://maps.google.com/maps?q=11.188604,76.262534000000002",,,,
