Educational District,Educational Sub-District,School Code,School Name,Block Name,Level Name,Local Body,Revenue District,Phone,UDISE Code,Latitude,Longitude,Maps Link
Malappuram,Kizhisseri,18232,G U P S Cheecode,Areacode,1 - 7,Cheekkode(P),Malappuram,9048037210,32050100801,,,
Malappuram,Kizhisseri,18138,G.H.S.S Chullikkode,Kondotty,1 - 12,Muthuvallur(P),Malappuram,04832756030,32050100915,,,
Malappuram,Kizhisseri,18204,GLPS Kizhisseri,Areacode,1 - 5,Kuzhimanna(P),Malappuram,04832755520,32050100703,11.176170000000001,75.997609999999995,"http://maps.google.com/maps?q=11.176170000000001,75.997609999999995"
Malappuram,Kizhisseri,18205,GLPS Kuzhimanna,Areacode,1 - 4,Kuzhimanna(P),Malappuram,9746531012,32050100704,11.17135,76.017949999999999,"http://maps.google.com/maps?q=11.17135,76.017949999999999"
Malappuram,Kizhisseri,18206,GLPS Kuzhimanna II South,Areacode,1 - 4,Kuzhimanna(P),Malappuram,04832754044,32050100705,11.163180000000001,76.01003,"http://maps.google.com/maps?q=11.163180000000001,76.01003"
Malappuram,Kizhisseri,18217,GLPS Parappur,Kondotty,1 - 4,Muthuvallur(P),Malappuram,8943614992,32050100928,11.208943,76.002116999999998,"http://maps.google.com/maps?q=11.208943,76.002116999999998"
Malappuram,Kizhisseri,18218,GLPS Parapurathparamba,Areacode,1 - 4,Cheekkode(P),Malappuram,9072992729,32050100809,11.236103999999999,76.008255000000005,"http://maps.google.com/maps?q=11.236103999999999,76.008255000000005"
Malappuram,Kizhisseri,18219,GLPS Parathakkad,Kondotty,1 - 4,Muthuvallur(P),Malappuram,7510355291,32050100924,11.179080000000001,75.970240000000004,"http://maps.google.com/maps?q=11.179080000000001,75.970240000000004"
Malappuram,Kizhisseri,18220,GLPS Ponnad,Areacode,1 - 4,Cheekkode(P),Malappuram,9497014670,32050100804,11.224771,75.971170999999998,"http://maps.google.com/maps?q=11.224771,75.971170999999998"
Malappuram,Kizhisseri,18222,GLPS Pulpatta,Areacode,1 - 4,Pulpatta(P),Malappuram,04832821700,32050100601,11.147410000000001,76.081680000000006,"http://maps.google.com/maps?q=11.147410000000001,76.081680000000006"
Malappuram,Kizhisseri,18226,GLPS Valamangalam,Areacode,1 - 4,Pulpatta(P),Malappuram,9400160543,32050100603,11.13874,76.056610000000006,"http://maps.google.com/maps?q=11.13874,76.056610000000006"
Malappuram,Kizhisseri,18228,GLPS Vilayil,Areacode,1 - 4,Cheekkode(P),Malappuram,9447842086,32050100808,11.225429999999999,76.009919999999994,"http://maps.google.com/maps?q=11.225429999999999,76.009919999999994"
Malappuram,Kizhisseri,18230,GLPS Vilayil Parappur,Areacode,1 - 4,Cheekkode(P),Malappuram,9747113693,32050100807,11.218949,76.000930999999994,"http://maps.google.com/maps?q=11.218949,76.000930999999994"
Malappuram,Kizhisseri,18221,GMLPS Pookalathur,Areacode,1 - 4,Pulpatta(P),Malappuram,04832821331,32050100602,11.157500000000001,76.056870000000004,"http://maps.google.com/maps?q=11.157500000000001,76.056870000000004"
Malappuram,Kizhisseri,18223,GMLPS Thavanur,Kondotty,1 - 4,Muthuvallur(P),Malappuram,04832756664,32050100927,11.194000000000001,75.989940000000004,"http://maps.google.com/maps?q=11.194000000000001,75.989940000000004"
Malappuram,Kizhisseri,18235,GMUPS Kizhisseri,Areacode,1 - 7,Kuzhimanna(P),Malappuram,04832754699,32050100701,11.170070000000001,75.991380000000007,"http://maps.google.com/maps?q=11.170070000000001,75.991380000000007"
Malappuram,Kizhisseri,18234,GUPS Kadungallur,Areacode,1 - 7,Kuzhimanna(P),Malappuram,9074126226,32050100712,11.198359999999999,76.023830000000004,"http://maps.google.com/maps?q=11.198359999999999,76.023830000000004"
Malappuram,Kizhisseri,18139,Govt High School Muthuvallur,Kondotty,1 - 12,Muthuvallur(P),Malappuram,04832714428,32050100916,,,
Malappuram,Kondotty,18368,G.H.S. Chaliyappuram,Kondotty,1 -10,Vazhakkad(P),Malappuram,04832725410,32050200301,11.24727,75.978409999999997,"http://maps.google.com/maps?q=11.24727,75.978409999999997"
Malappuram,Kondotty,18305,G.L.P.S. Arimbra Melmuri,Malappuram,1 - 4,Morayur(P),Malappuram,04832770011,32050200805,11.106578000000001,76.024071000000006,"http://maps.google.com/maps?q=11.106578000000001,76.024071000000006"
Malappuram,Kondotty,18311,G.L.P.S. Elamaram,Kondotty,1 - 4,Vazhakkad(P),Malappuram,9446411798,32050200307,11.250069999999999,75.958969999999994,"http://maps.google.com/maps?q=11.250069999999999,75.958969999999994"
Malappuram,Kondotty,18316,G.L.P.S. Karad,Kondotty,1 - 4,Vazhayur(P),Malappuram,04832830128,32050200201,11.20628,75.877409999999998,"http://maps.google.com/maps?q=11.20628,75.877409999999998"
Malappuram,Kondotty,18331,G.L.P.S. Morayur,Malappuram,1 - 4,Morayur(P),Malappuram,04832776010,32050200804,11.13574,76.021100000000004,"http://maps.google.com/maps?q=11.13574,76.021100000000004"
Malappuram,Kondotty,18335,G.L.P.S. Mundumuzhi,Kondotty,1 - 4,Vazhakkad(P),Malappuram,04832724599,32050200314,11.24633,75.939149999999998,"http://maps.google.com/maps?q=11.24633,75.939149999999998"
Malappuram,Kondotty,18338,G.L.P.S. Nediyiruppu,,1 - 5,Kondotty(M),Malappuram,04832713727,32050200702,11.1326,75.993110000000001,"http://maps.google.com/maps?q=11.1326,75.993110000000001"
Malappuram,Kondotty,18346,G.L.P.S. Panikkarapuraya,Kondotty,1 - 4,Vazhakkad(P),Malappuram,04832724188,32050200305,11.24498,75.969719999999995,"http://maps.google.com/maps?q=11.24498,75.969719999999995"
Malappuram,Kondotty,18349,G.L.P.S. Paravoor,Kondotty,1 - 4,Cherukavu(P),Malappuram,04832790187,32050200407,11.179209999999999,75.921899999999994,"http://maps.google.com/maps?q=11.179209999999999,75.921899999999994"
Malappuram,Kondotty,18352,G.L.P.S. Puthucode,Kondotty,1 - 4,Cherukavu(P),Malappuram,,32050200408,11.19074,75.882009999999994,"http://maps.google.com/maps?q=11.19074,75.882009999999994"
Malappuram,Kondotty,18354,G.L.P.S. Thadathilparamba,Kondotty,1 - 4,Pulikkal(P),Malappuram,9048505446,32050200510,11.20271,75.951490000000007,"http://maps.google.com/maps?q=11.20271,75.951490000000007"
Malappuram,Kondotty,18356,G.L.P.S. ThurakkaL,,1 - 4,Kondotty(M),Malappuram,9495111686,32050200108,,,
Malappuram,Kondotty,18362,G.L.P.S. Vettathur,Kondotty,1 - 4,Vazhakkad(P),Malappuram,9656634496,32050200302,11.256180000000001,75.989850000000004,"http://maps.google.com/maps?q=11.256180000000001,75.989850000000004"
Malappuram,Kondotty,18301,G.M.L.P.S. Akkode,Kondotty,1 - 4,Vazhakkad(P),Malappuram,9847369201,32050200316,11.23451,75.914869999999993,"http://maps.google.com/maps?q=11.23451,75.914869999999993"
Malappuram,Kondotty,18302,G.M.L.P.S. Alparamba,Kondotty,1 - 4,Pulikkal(P),Malappuram,7994822923,32050200501,,,
Malappuram,Kondotty,18315,G.M.L.P.S. Kanhiraparamba,,1 - 4,Kondotty(M),Malappuram,9745473150,32050200106,11.14676,75.954620000000006,"http://maps.google.com/maps?q=11.14676,75.954620000000006"
Malappuram,Kondotty,18318,G.M.L.P.S. Karippur,Kondotty,1 - 4,PALLIKKAL(P),Malappuram,,32050200612,11.15096,75.940280000000001,"http://maps.google.com/maps?q=11.15096,75.940280000000001"
Malappuram,Kondotty,18323,G.M.L.P.S. Kondotty,,1 - 4,Kondotty(M),Malappuram,9645122117,32050200103,11.14756,75.964979999999997,"http://maps.google.com/maps?q=11.14756,75.964979999999997"
Malappuram,Kondotty,18322,G.M.L.P.S. Kondotty Chungam,,1 - 4,Kondotty(M),Malappuram,8086892530,32050200102,11.144170000000001,75.968670000000003,"http://maps.google.com/maps?q=11.144170000000001,75.968670000000003"
Malappuram,Kondotty,18326,G.M.L.P.S. Kumminiparamba,Kondotty,1 - 4,PALLIKKAL(P),Malappuram,9656914514,32050200607,11.13256,75.937299999999993,"http://maps.google.com/maps?q=11.13256,75.937299999999993"
Malappuram,Kondotty,18329,G.M.L.P.S. Mapprom,Kondotty,1 - 4,Vazhakkad(P),Malappuram,9496408313,32050200303,11.2591,75.968990000000005,"http://maps.google.com/maps?q=11.2591,75.968990000000005"
Malappuram,Kondotty,18330,G.M.L.P.S. Melangadi,,1 - 4,Kondotty(M),Malappuram,04832718080,32050200105,11.142569999999999,75.960599999999999,"http://maps.google.com/maps?q=11.142569999999999,75.960599999999999"
Malappuram,Kondotty,18332,G.M.L.P.S. Morayur,Malappuram,1 - 4,Morayur(P),Malappuram,04832776365,32050200807,11.133660000000001,76.015280000000004,"http://maps.google.com/maps?q=11.133660000000001,76.015280000000004"
Malappuram,Kondotty,18339,G.M.L.P.S. Nediyiruppu,,1 - 4,Kondotty(M),Malappuram,9656775117,32050200707,11.137528,75.983587,"http://maps.google.com/maps?q=11.137528,75.983587"
Malappuram,Kondotty,18360,G.M.L.P.S. Vazhayur,Kondotty,1 - 4,Vazhayur(P),Malappuram,7907924403,32050200206,11.22444,75.887370000000004,"http://maps.google.com/maps?q=11.22444,75.887370000000004"
Malappuram,Kondotty,18365,G.M.U.P.S. Arimbra,Malappuram,1 - 7,Morayur(P),Malappuram,04832771322,32050200817,11.115460000000001,76.018820000000005,"http://maps.google.com/maps?q=11.115460000000001,76.018820000000005"
Malappuram,Kondotty,18373,G.M.U.P.S. Chirayil,,1 - 7,Kondotty(M),Malappuram,04832714211,32050200706,11.12842,75.974770000000007,"http://maps.google.com/maps?q=11.12842,75.974770000000007"
Malappuram,Kondotty,18375,G.M.U.P.S. Ozhukur,Malappuram,1 - 7,Morayur(P),Malappuram,04832756611,32050200801,11.15409,76.01258,"http://maps.google.com/maps?q=11.15409,76.01258"
Malappuram,Kondotty,18380,G.M.U.P.S. Vazhakkad,Kondotty,1 - 7,Vazhakkad(P),Malappuram,04832724750,32050200319,11.247210000000001,75.952299999999994,"http://maps.google.com/maps?q=11.247210000000001,75.952299999999994"
Malappuram,Kondotty,18340,G.W.U.P.S. Nediyiruppu,,1 - 7,Kondotty(M),Malappuram,04832714900,32050200710,11.107699999999999,75.997780000000006,"http://maps.google.com/maps?q=11.107699999999999,75.997780000000006"
Malappuram,Malappuram,18434,G.L.P.S. Choonur,Malappuram,1 - 4,Ponmala(P),Malappuram,9446881225,32051400303,,,
Malappuram,Malappuram,18435,G.L.P.S. Kodur,Malappuram,1 - 4,Kodur(P),Malappuram,04832800828,32051400502,,,
Malappuram,Malappuram,18436,G.L.P.S. Kottakkal,,1 - 4,Kottakkal(M),Malappuram,04832744100,32051400403,10.99879,76.008150000000001,"http://maps.google.com/maps?q=10.99879,76.008150000000001"
Malappuram,Malappuram,18437,G.L.P.S. Malappruam,,1 - 4,Malappuram(M),Malappuram,04832737642,32051400632,,,
Malappuram,Malappuram,18438,G.L.P.S. Melmuri North,,1 - 4,Malappuram(M),Malappuram,9446671911,32051400708,,,
Malappuram,Malappuram,18439,G.L.P.S. Melmuri South,,1 - 4,Malappuram(M),Malappuram,8547620788,32051400709,,,
Malappuram,Malappuram,18440,G.L.P.S. Paranki Moochikkal,Malappuram,1 - 4,Ponmala(P),Malappuram,04832705677,32051400304,11.006385,76.041245000000004,"http://maps.google.com/maps?q=11.006385,76.041245000000004"
Malappuram,Malappuram,18441,G.L.P.S. Peringottupulam,Malappuram,1 - 4,Kodur(P),Malappuram,9446666544,32051400504,,,
Malappuram,Malappuram,18442,G.L.P.S. Pookottur New,Malappuram,1 - 4,Pookkottur(P),Malappuram,9946729908,32051400203,,,
Malappuram,Malappuram,18443,G.L.P.S. Pookottur Old,Malappuram,1 - 4,Pookkottur(P),Malappuram,9446883884,32051400204,,,
Malappuram,Malappuram,18444,G.L.P.S. Vadakkemanna,Malappuram,1 - 4,Kodur(P),Malappuram,04832752242,32051400505,,,
Malappuram,Malappuram,18446,G.M.L.P.S. Athanikkal,Malappuram,1 - 4,Pookkottur(P),Malappuram,9048590619,32051400205,,,
Malappuram,Malappuram,18447,G.M.L.P.S. Chappanangadi,Malappuram,1 - 4,Ponmala(P),Malappuram,04832705466,32051400302,11.004902,76.042617000000007,"http://maps.google.com/maps?q=11.004902,76.042617000000007"
Malappuram,Malappuram,18448,G.M.L.P.S. Irumbuzhi,Malappuram,1 - 4,Anakkayam(P),Malappuram,04832738006,32051400109,,,
Malappuram,Malappuram,18449,G.M.L.P.S. Kolmanna,,1 - 4,Malappuram(M),Malappuram,9656241748,32051400809,11.050419,76.057563000000002,"http://maps.google.com/maps?q=11.050419,76.057563000000002"
Malappuram,Malappuram,18450,G.M.L.P.S. Kuttasserikulamba,Malappuram,1 - 4,Kodur(P),Malappuram,04832800700,32051400503,,,
Malappuram,Malappuram,18451,G.M.L.P.S. Melmuri Central,,1 - 4,Malappuram(M),Malappuram,04832730166,32051400702,,,
Malappuram,Malappuram,18452,G.M.L.P.S. Ponmala,Malappuram,1 - 4,Ponmala(P),Malappuram,7012112932,32051400305,11.028299000000001,76.0411,"http://maps.google.com/maps?q=11.028299000000001,76.0411"
Malappuram,Malappuram,18461,G.M.L.P.S. Pookottur,Malappuram,1 - 5,Pookkottur(P),Malappuram,9747600332,32051400202,,,
Malappuram,Malappuram,18471,G.M.U.P.S. Chemmankadavu,Malappuram,1 - 7,Kodur(P),Malappuram,04832868509,32051400501,,,
Malappuram,Malappuram,18472,G.M.U.P.S. Irumbuzhi,Malappuram,1 - 7,Anakkayam(P),Malappuram,9496829936,32051400101,,,
Malappuram,Malappuram,18473,G.M.U.P.S. Kottakkal,,1 - 7,Kottakkal(M),Malappuram,04832744181,32051400402,10.999129999999999,76.00788,"http://maps.google.com/maps?q=10.999129999999999,76.00788"
Malappuram,Malappuram,18474,G.M.U.P.S. Melmuri,,1 - 7,Malappuram(M),Malappuram,04832734008,32051400633,,,
Malappuram,Malappuram,18475,G.U.P.S. Kottakkal,,1 - 7,Kottakkal(M),Malappuram,04832745952,32051400401,10.991759999999999,76.007819999999995,"http://maps.google.com/maps?q=10.991759999999999,76.007819999999995"
Malappuram,Malappuram,18476,G.U.P.S. Muthiriparamba,Malappuram,1 - 7,Pookkottur(P),Malappuram,04832775100,32051400201,,,
Malappuram,Malappuram,18477,G.U.P.S. Ponmala,Malappuram,1 - 7,Ponmala(P),Malappuram,04832753700,32051400301,10.983656999999999,76.067549999999997,"http://maps.google.com/maps?q=10.983656999999999,76.067549999999997"
Malappuram,Malappuram,18010,G.V.H.S.S. Pullanur,Malappuram,1 - 12,Pookkottur(P),Malappuram,04832773925,32051400211,,,
Malappuram,Manjeri,18535,G M L P S Mariyad,,1 - 4,Manjeri(M),Malappuram,9048447917,32050600613,11.117290000000001,76.127866999999995,"http://maps.google.com/maps?q=11.117290000000001,76.127866999999995"
Malappuram,Manjeri,18542,G M L P S Pandallur,Malappuram,1 - 4,Anakkayam(P),Malappuram,,32050601214,11.085445999999999,76.175403000000003,"http://maps.google.com/maps?q=11.085445999999999,76.175403000000003"
Malappuram,Manjeri,18574,G U P S Pullur,,1 - 7,Manjeri(M),Malappuram,04832764104,32050600701,11.123529,76.118215000000006,"http://maps.google.com/maps?q=11.123529,76.118215000000006"
Malappuram,Manjeri,18028,G V H S S Nellikuth,,1 - 12,Manjeri(M),Malappuram,8086921596,32050601405,11.097388,76.182277999999997,"http://maps.google.com/maps?q=11.097388,76.182277999999997"
Malappuram,Manjeri,18023,G.G.H.S.S. Manjeri,,1 - 12,Manjeri(M),Malappuram,9037486580,32050600631,11.120217999999999,76.118037999999999,"http://maps.google.com/maps?q=11.120217999999999,76.118037999999999"
Malappuram,Manjeri,18505,G.L.P.S. Arukizhaya,,1 - 4,Manjeri(M),Malappuram,04832765650,32050600605,11.123877999999999,76.12379,"http://maps.google.com/maps?q=11.123877999999999,76.12379"
Malappuram,Manjeri,18506,G.L.P.S. Chalippadam,Areacode,1 - 4,Edavanna(P),Malappuram,9946486486,32050600202,11.21894,76.163261000000006,"http://maps.google.com/maps?q=11.21894,76.163261000000006"
Malappuram,Manjeri,18507,G.L.P.S. Chembakuth,Areacode,1 - 4,Edavanna(P),Malappuram,9074864605,32050600220,11.206241,76.149152999999998,"http://maps.google.com/maps?q=11.206241,76.149152999999998"
Malappuram,Manjeri,18565,G.L.P.S. Cherankuth,Wandoor,1 - 5,Trikkalangode(P),Malappuram,9744580831,32050601002,11.142098000000001,76.156858,"http://maps.google.com/maps?q=11.142098000000001,76.156858"
Malappuram,Manjeri,18508,G.L.P.S. Cherukulam,Wandoor,1 - 4,Trikkalangode(P),Malappuram,,32050601003,11.130929999999999,76.179329999999993,"http://maps.google.com/maps?q=11.130929999999999,76.179329999999993"
Malappuram,Manjeri,18510,G.L.P.S. Cheruvannur,Wandoor,1 - 4,Trikkalangode(P),Malappuram,04832709150,32050601004,11.143501000000001,76.190853000000004,"http://maps.google.com/maps?q=11.143501000000001,76.190853000000004"
Malappuram,Manjeri,18521,G.L.P.S. Karuvambrum West,,1 - 4,Manjeri(M),Malappuram,9526093591,32050600703,11.127181,76.101832000000002,"http://maps.google.com/maps?q=11.127181,76.101832000000002"
Malappuram,Manjeri,18524,G.L.P.S. Kizhakkuparamba,Malappuram,1 - 4,Anakkayam(P),Malappuram,9446802049,32050601218,11.075779000000001,76.189959999999999,"http://maps.google.com/maps?q=11.075779000000001,76.189959999999999"
Malappuram,Manjeri,18532,G.L.P.S. Manjeri,,1 - 4,Manjeri(M),Malappuram,04832762056,32050600608,11.116944,76.119939000000002,"http://maps.google.com/maps?q=11.116944,76.119939000000002"
Malappuram,Manjeri,18538,G.L.P.S. Narukara,,1 - 4,Manjeri(M),Malappuram,9048478360,32050600706,11.120787,76.096862999999999,"http://maps.google.com/maps?q=11.120787,76.096862999999999"
Malappuram,Manjeri,18541,G.L.P.S. Pandallur,Malappuram,1 - 4,Anakkayam(P),Malappuram,9495414232,32050601213,11.084432,76.166711000000006,"http://maps.google.com/maps?q=11.084432,76.166711000000006"
Malappuram,Manjeri,18568,G.L.P.S. Pookkuth,Wandoor,1 - 5,Pandikkad(P),Malappuram,,32050600305,11.099745,76.261683000000005,"http://maps.google.com/maps?q=11.099745,76.261683000000005"
Malappuram,Manjeri,18551,G.L.P.S. Pulath,Wandoor,1 - 4,Trikkalangode(P),Malappuram,9746667326,32050600508,11.168240000000001,76.148619999999994,"http://maps.google.com/maps?q=11.168240000000001,76.148619999999994"
Malappuram,Manjeri,18553,G.L.P.S. Ramankulam,,1 - 4,Manjeri(M),Malappuram,04832765350,32050600707,11.124845000000001,76.111281000000005,"http://maps.google.com/maps?q=11.124845000000001,76.111281000000005"
Malappuram,Manjeri,18554,G.L.P.S. Theyyampadikuth,Wandoor,1 - 4,Pandikkad(P),Malappuram,9497661688,32050601302,11.142160000000001,76.253545000000003,"http://maps.google.com/maps?q=11.142160000000001,76.253545000000003"
Malappuram,Manjeri,18555,G.L.P.S. Thottupoyil,,1 - 4,Manjeri(M),Malappuram,8848831610,32050601402,11.123352000000001,76.125459000000006,"http://maps.google.com/maps?q=11.123352000000001,76.125459000000006"
Malappuram,Manjeri,18557,G.L.P.S. Valarad,Wandoor,1 - 4,Pandikkad(P),Malappuram,9946109130,32050600307,11.083769999999999,76.230474000000001,"http://maps.google.com/maps?q=11.083769999999999,76.230474000000001"
Malappuram,Manjeri,18563,G.L.P.S. Vettikkattiri,Wandoor,1 - 4,Pandikkad(P),Malappuram,9746545469,32050600902,11.095160999999999,76.213942000000003,"http://maps.google.com/maps?q=11.095160999999999,76.213942000000003"
Malappuram,Manjeri,18514,G.M.L.P.S. Edavanna,Areacode,1 - 4,Edavanna(P),Malappuram,04832702050,32050600204,11.216576,76.142188000000004,"http://maps.google.com/maps?q=11.216576,76.142188000000004"
Malappuram,Manjeri,18515,G.M.L.P.S. Eranhikode,Areacode,1 - 4,Edavanna(P),Malappuram,9946964676,32050600205,11.226293,76.157293999999993,"http://maps.google.com/maps?q=11.226293,76.157293999999993"
Malappuram,Manjeri,18517,G.M.L.P.S. Karakunnu,Wandoor,1 - 4,Trikkalangode(P),Malappuram,9447275070,32050601101,11.169843999999999,76.131066000000004,"http://maps.google.com/maps?q=11.169843999999999,76.131066000000004"
Malappuram,Manjeri,18523,G.M.L.P.S. Kidangazhi,,1 - 4,Manjeri(M),Malappuram,9446338648,32050600704,11.122817,76.115369999999999,"http://maps.google.com/maps?q=11.122817,76.115369999999999"
Malappuram,Manjeri,18525,G.M.L.P.S. Kodasseri,Wandoor,1 - 4,Pandikkad(P),Malappuram,04832785510,32050600302,11.123438,76.233538999999993,"http://maps.google.com/maps?q=11.123438,76.233538999999993"
Malappuram,Manjeri,18528,G.M.L.P.S. Mangalasseri,,1 - 4,Manjeri(M),Malappuram,04832761750,32050600705,,,
Malappuram,Manjeri,18529,G.M.L.P.S. Manhapatta,Wandoor,1 - 4,Trikkalangode(P),Malappuram,04832709250,32050601005,11.153943,76.151527999999999,"http://maps.google.com/maps?q=11.153943,76.151527999999999"
Malappuram,Manjeri,18533,G.M.L.P.S. Manjeri,,1 - 4,Manjeri(M),Malappuram,9746793800,32050600609,11.119505999999999,76.121790000000004,"http://maps.google.com/maps?q=11.119505999999999,76.121790000000004"
Malappuram,Manjeri,18531,G.M.L.P.S. Manjeri East,,1 - 4,Manjeri(M),Malappuram,,32050600628,11.121499,76.125117000000003,"http://maps.google.com/maps?q=11.121499,76.125117000000003"
Malappuram,Manjeri,18534,G.M.L.P.S. Manjeri South,,1 - 4,Manjeri(M),Malappuram,9447353792,32050600610,11.120905,76.126580000000004,"http://maps.google.com/maps?q=11.120905,76.126580000000004"
Malappuram,Manjeri,18539,G.M.L.P.S. Nellikuth North,,1 - 4,Manjeri(M),Malappuram,9496844665,32050601401,11.10863,76.182198,"http://maps.google.com/maps?q=11.10863,76.182198"
Malappuram,Manjeri,18540,G.M.L.P.S. Odompatta,Wandoor,1 - 4,Pandikkad(P),Malappuram,04931284090,32050601301,11.122876,76.267975000000007,"http://maps.google.com/maps?q=11.122876,76.267975000000007"
Malappuram,Manjeri,18567,G.M.L.P.S. Pandikkad,Wandoor,1 - 5,Pandikkad(P),Malappuram,04832780150,32050600304,11.097809,76.224314000000007,"http://maps.google.com/maps?q=11.097809,76.224314000000007"
Malappuram,Manjeri,18548,G.M.L.P.S. Pathappiriyam,Areacode,1 - 4,Edavanna(P),Malappuram,00000000000,32050600207,11.199875,76.135464999999996,"http://maps.google.com/maps?q=11.199875,76.135464999999996"
Malappuram,Manjeri,18576,G.M.U.P.S. Melakkam,,1 - 7,Manjeri(M),Malappuram,04832765613,32050600603,11.122684,76.119386000000006,"http://maps.google.com/maps?q=11.122684,76.119386000000006"
Malappuram,Manjeri,18569,G.U.P.S. Anakkayam,Malappuram,1 - 7,Anakkayam(P),Malappuram,9846224586,32050600101,11.087859999999999,76.123410000000007,"http://maps.google.com/maps?q=11.087859999999999,76.123410000000007"
Malappuram,Manjeri,18572,G.U.P.S. Elankur,Wandoor,1 - 7,Trikkalangode(P),Malappuram,04832707864,32050601001,11.161189,76.182627999999994,"http://maps.google.com/maps?q=11.161189,76.182627999999994"
Malappuram,Manjeri,18575,G.U.P.S. Manjeri,,1 - 7,Manjeri(M),Malappuram,08606033189,32050600716,11.120277,76.115769,"http://maps.google.com/maps?q=11.120277,76.115769"
Malappuram,Manjeri,18578,G.U.P.S. Pathappiriyam,Areacode,1 - 7,Edavanna(P),Malappuram,04832704604,32050600201,11.192845999999999,76.135081,"http://maps.google.com/maps?q=11.192845999999999,76.135081"
Malappuram,Manjeri,18583,G.U.P.S. Veembur,,1 - 7,Manjeri(M),Malappuram,9946770793,32050600702,11.119429,76.089153999999994,"http://maps.google.com/maps?q=11.119429,76.089153999999994"
Malappuram,Manjeri,18562,G.U.P.S. Vettekkode,,1 - 7,Manjeri(M),Malappuram,9048804260,32050600618,11.114443,76.123284999999996,"http://maps.google.com/maps?q=11.114443,76.123284999999996"
Malappuram,Manjeri,18590,GLPS ANAKKOTTUPURAM,Wandoor,1 - 4,Trikkalangode(P),Malappuram,9995892484,32050600505,,,
Malappuram,Manjeri,18592,GMLP School ANAKKAYAM,Malappuram,1 - 4,Anakkayam(P),Malappuram,9447353139,32050600102,,,
Malappuram,Manjeri,18566,K.M Musthafa Memorial G.L.P.S. Mundengara,Areacode,1 - 5,Edavanna(P),Malappuram,04832700250,32050600206,11.223765999999999,76.140821000000003,"http://maps.google.com/maps?q=11.223765999999999,76.140821000000003"
Malappuram,Mankada,18078,G H S S Kadungapuram,Mankada,1 - 12,Puzhakkattiri(P),Malappuram,04933254270,32051500510,10.98095,76.138319999999993,"http://maps.google.com/maps?q=10.98095,76.138319999999993"
Malappuram,Mankada,18607,G L P S Chovana,Mankada,1 - 4,Puzhakkattiri(P),Malappuram,9495123933,32051500506,10.989385,76.136606,"http://maps.google.com/maps?q=10.989385,76.136606"
Malappuram,Mankada,18612,G L P S Karkidakam,Mankada,1 - 4,Mankada(P),Malappuram,8592893807,32051500205,11.02328,76.168350000000004,"http://maps.google.com/maps?q=11.02328,76.168350000000004"
Malappuram,Mankada,18616,G L P S Kuruva,Mankada,1 - 4,Kuruva(P),Malappuram,04933281129,32051500402,11.007168999999999,76.113226999999995,"http://maps.google.com/maps?q=11.007168999999999,76.113226999999995"
Malappuram,Mankada,18618,G L P S Mankada,Mankada,1 - 4,Mankada(P),Malappuram,9946138919,32051500202,11.015470000000001,76.177199999999999,"http://maps.google.com/maps?q=11.015470000000001,76.177199999999999"
Malappuram,Mankada,18634,G L P S Meenarkuzhi,Mankada,1 - 4,Kuruva(P),Malappuram,9745201298,32051500404,11.00891,76.105323999999996,"http://maps.google.com/maps?q=11.00891,76.105323999999996"
Malappuram,Mankada,18657,G L P S Padinhattummuri,Mankada,1 - 5,Koottilangadi(P),Malappuram,04933241425,32051500302,11.058809999999999,76.110720000000001,"http://maps.google.com/maps?q=11.058809999999999,76.110720000000001"
Malappuram,Mankada,18626,G L P S Palakaparambil,Mankada,1 - 4,Puzhakkattiri(P),Malappuram,9747201826,32051500511,10.971170000000001,76.115290000000002,"http://maps.google.com/maps?q=10.971170000000001,76.115290000000002"
Malappuram,Mankada,18628,G L P S Pang,Mankada,1 - 4,Kuruva(P),Malappuram,04933242111,32051500411,10.97204,76.102260000000001,"http://maps.google.com/maps?q=10.97204,76.102260000000001"
Malappuram,Mankada,18636,G L P S Pooppalam Valambur,Perinthalmanna,1 - 4,Angadipuram(P),Malappuram,9249221302,32051500105,10.999484000000001,76.223164999999995,"http://maps.google.com/maps?q=10.999484000000001,76.223164999999995"
Malappuram,Mankada,18637,G L P S Pothukundu,Mankada,1 - 4,Makkaraparamba(P),Malappuram,04933281620,32051500606,11.01726,76.123609999999999,"http://maps.google.com/maps?q=11.01726,76.123609999999999"
Malappuram,Mankada,18640,G L P S Puthanangadi,Perinthalmanna,1 - 4,Angadipuram(P),Malappuram,04933253612,32051500101,10.96752,76.188930999999997,"http://maps.google.com/maps?q=10.96752,76.188930999999997"
Malappuram,Mankada,18651,G L P S Vallikkapatta,Mankada,1 - 4,Koottilangadi(P),Malappuram,9400402188,32051500306,11.062340000000001,76.140559999999994,"http://maps.google.com/maps?q=11.062340000000001,76.140559999999994"
Malappuram,Mankada,18653,G L P S Vellila,Mankada,1 - 4,Mankada(P),Malappuram,04933236120,32051500213,11.04219,76.156059999999997,"http://maps.google.com/maps?q=11.04219,76.156059999999997"
Malappuram,Mankada,18645,G M L P S Vadakkangara,Mankada,1 - 4,Makkaraparamba(P),Malappuram,04933284088,32051500607,11.017849999999999,76.150890000000004,"http://maps.google.com/maps?q=11.017849999999999,76.150890000000004"
Malappuram,Mankada,18660,G U P S Koottilangadi,Mankada,1 - 7,Koottilangadi(P),Malappuram,6238971416,32051500303,11.034280000000001,76.104500000000002,"http://maps.google.com/maps?q=11.034280000000001,76.104500000000002"
Malappuram,Mankada,18664,G U P S Mankada Pallippuram,Mankada,1 - 7,Koottilangadi(P),Malappuram,04933241092,32051500301,11.06096,76.127269999999996,"http://maps.google.com/maps?q=11.06096,76.127269999999996"
Malappuram,Mankada,18150,GHS CHERIYAM MANKADA,Mankada,1 -10,Mankada(P),Malappuram,04933236020,32051500201,,,
Malappuram,Mankada,18666,Govt. U P School Pang,Mankada,1 - 7,Kuruva(P),Malappuram,04933243765,32051500407,10.971880000000001,76.099789999999999,"http://maps.google.com/maps?q=10.971880000000001,76.099789999999999"
Malappuram,Perinthalmanna,18097,G H S Aliparamba,Perinthalmanna,1 - 12,Aliparamba(P),Malappuram,04933234214,32050500215,10.918934,76.312984,"http://maps.google.com/maps?q=10.918934,76.312984"
Malappuram,Perinthalmanna,18705,GLPS Arakkuparamba,Perinthalmanna,1 - 4,Thazhekode(P),Malappuram,04933233800,32050500801,10.99145,76.32638,"http://maps.google.com/maps?q=10.99145,76.32638"
Malappuram,Perinthalmanna,18717,GLPS Kappumugham,Perinthalmanna,1 - 4,Thazhekode(P),Malappuram,04933250025,32050500802,10.96044,76.286339999999996,"http://maps.google.com/maps?q=10.96044,76.286339999999996"
Malappuram,Perinthalmanna,18716,GLPS Kunnakkavu,Perinthalmanna,1 - 4,Elamkulam(P),Malappuram,04933230140,32050500401,10.904719999999999,76.247429999999994,"http://maps.google.com/maps?q=10.904719999999999,76.247429999999994"
Malappuram,Perinthalmanna,18725,GLPS Pallikunnu,Perinthalmanna,1 - 4,Thazhekode(P),Malappuram,04933233700,32050500804,10.998710000000001,76.320369999999997,"http://maps.google.com/maps?q=10.998710000000001,76.320369999999997"
Malappuram,Perinthalmanna,18728,GLPS Parakkalmukku,Perinthalmanna,1 - 4,Elamkulam(P),Malappuram,9605318771,32050500402,10.915345,76.235166000000007,"http://maps.google.com/maps?q=10.915345,76.235166000000007"
Malappuram,Perinthalmanna,18731,GLPS Perinthalmanna East,,1 - 4,Perinthalmanna(M),Malappuram,7025297710,32050500103,10.971887000000001,76.232647,"http://maps.google.com/maps?q=10.971887000000001,76.232647"
Malappuram,Perinthalmanna,18732,GLPS Perinthalmanna West,,1 - 4,Perinthalmanna(M),Malappuram,04933227704,32050500104,,,
Malappuram,Perinthalmanna,18715,GMLPS Kakkooth,,1 - 4,Perinthalmanna(M),Malappuram,04933220310,32050500101,10.983306000000001,76.224637999999999,"http://maps.google.com/maps?q=10.983306000000001,76.224637999999999"
Malappuram,Perinthalmanna,18723,GMLPS Muthiramanna,Perinthalmanna,1 - 4,Thazhekode(P),Malappuram,9605727576,32050500803,10.95579,76.296890000000005,"http://maps.google.com/maps?q=10.95579,76.296890000000005"
Malappuram,Perinthalmanna,18730,GMLPS Perinthalmanna Central,,1 - 4,Perinthalmanna(M),Malappuram,9400730787,32050500102,10.978076,76.226290000000006,"http://maps.google.com/maps?q=10.978076,76.226290000000006"
Malappuram,Perinthalmanna,18736,GMLPS Puthur,Perinthalmanna,1 - 4,Thazhekode(P),Malappuram,04933216411,32050500805,10.987310000000001,76.349230000000006,"http://maps.google.com/maps?q=10.987310000000001,76.349230000000006"
Malappuram,Perinthalmanna,18737,GMLPS Thazhekode,Perinthalmanna,1 - 4,Thazhekode(P),Malappuram,04933250459,32050500806,10.956950000000001,76.304810000000003,"http://maps.google.com/maps?q=10.956950000000001,76.304810000000003"
Malappuram,Perinthalmanna,18739,GMLPS Thootha,Perinthalmanna,1 - 4,Aliparamba(P),Malappuram,,32050500201,10.918799999999999,76.286789999999996,"http://maps.google.com/maps?q=10.918799999999999,76.286789999999996"
Malappuram,Perinthalmanna,18758,GMUPS Valapuram,Perinthalmanna,1 - 7,Pulamanthole(P),Malappuram,9495454253,32050500701,10.921364000000001,76.165784000000002,"http://maps.google.com/maps?q=10.921364000000001,76.165784000000002"
Thirurangadi,Parappanangadi,19429,G. F. L. P. S. Kadalundi,Tirurangadi,1 - 5,Vallikkunnu(P),Malappuram,04942474888,32051200301,,,
Thirurangadi,Parappanangadi,19408,G. F. L. P. S. Parappanangadi,,1 - 4,Parappanangadi(M),Malappuram,04942940357,32051200102,11.070636,75.847279,"http://maps.google.com/maps?q=11.070636,75.847279"
Thirurangadi,Parappanangadi,19451,G. H. S. Trikkulam,,1 -10,Tirurangadi(M),Malappuram,04942460655,32051200206,11.04218,75.909440000000004,"http://maps.google.com/maps?q=11.04218,75.909440000000004"
Thirurangadi,Parappanangadi,19430,G. L .P. S. Melodiparamba,Tirurangadi,1 - 4,Moonniyur(P),Malappuram,9526903832,32051200520,11.106254,75.904889999999995,"http://maps.google.com/maps?q=11.106254,75.904889999999995"
Thirurangadi,Parappanangadi,19401,G. L. P. S. Anappadi,Tirurangadi,1 - 4,Parappanangadi(P),Malappuram,9744259107,32051200101,11.075530000000001,75.856470000000002,"http://maps.google.com/maps?q=11.075530000000001,75.856470000000002"
Thirurangadi,Parappanangadi,19433,G. L. P. S. Parappanangadi,,1 - 5,Parappanangadi(M),Malappuram,04942411144,32051200103,11.069179999999999,75.853639999999999,"http://maps.google.com/maps?q=11.069179999999999,75.853639999999999"
Thirurangadi,Parappanangadi,19414,G. L. P. S. Thirurangadi,,1 - 4,Tirurangadi(M),Malappuram,04942460922,32051200201,11.044321,75.923696000000007,"http://maps.google.com/maps?q=11.044321,75.923696000000007"
Thirurangadi,Parappanangadi,19435,G. L. P. S. Vallikunnu,Tirurangadi,1 - 5,Vallikkunnu(P),Malappuram,04942472380,32051200316,,,
Thirurangadi,Parappanangadi,19417,G. L. P. S. Venniyur,,1 - 4,Tirurangadi(M),Malappuram,04942480096,32051200203,11.014938000000001,75.938958999999997,"http://maps.google.com/maps?q=11.014938000000001,75.938958999999997"
Thirurangadi,Parappanangadi,19432,G. M. L. P. S. Parappanangadi,,1 - 4,Parappanangadi(M),Malappuram,04942940328,32051200104,11.060829,75.849040000000002,"http://maps.google.com/maps?q=11.060829,75.849040000000002"
Thirurangadi,Parappanangadi,19434,G. M. L. P. S. Parappanangadi Town,Tirurangadi,1 - 5,Parappanangadi(P),Malappuram,04942410265,32051200105,11.04823,75.85857,"http://maps.google.com/maps?q=11.04823,75.85857"
Thirurangadi,Parappanangadi,19412,G. M. L. P. S. Thirurangadi,,1 - 4,Tirurangadi(M),Malappuram,,32051200202,11.035572,75.926975999999996,"http://maps.google.com/maps?q=11.035572,75.926975999999996"
Thirurangadi,Parappanangadi,19436,G. M. L. P. S. Velimukku,Tirurangadi,1 - 5,Moonniyur(P),Malappuram,9048329674,32051200501,11.099083,75.894570000000002,"http://maps.google.com/maps?q=11.099083,75.894570000000002"
Thirurangadi,Parappanangadi,19441,G. M. U. P. S. Kakkad,,1 - 7,Tirurangadi(M),Malappuram,,32051200205,11.035220000000001,75.938239999999993,"http://maps.google.com/maps?q=11.035220000000001,75.938239999999993"
Thirurangadi,Parappanangadi,19447,G. M. U. P. S. Parakkadavu,Tirurangadi,1 - 7,Moonniyur(P),Malappuram,04942464069,32051200502,,,
Thirurangadi,Parappanangadi,19410,G. M. U. P. S. Puthan Kadappuram,,1 - 7,Parappanangadi(M),Malappuram,9747012322,32051200108,11.049709999999999,75.851470000000006,"http://maps.google.com/maps?q=11.049709999999999,75.851470000000006"
Thirurangadi,Parappanangadi,19453,G. M. U. P. S. Venniyur,,1 - 7,Tirurangadi(M),Malappuram,9947050306,32051200204,11.015067,75.953727000000001,"http://maps.google.com/maps?q=11.015067,75.953727000000001"
Thirurangadi,Parappanangadi,19439,G. U. P. S. Ariyallur,Tirurangadi,1 - 7,Vallikkunnu(P),Malappuram,04942474240,32051200302,,,
Thirurangadi,Parappanangadi,19443,G. U. P. S. Moonniyur,Tirurangadi,1 - 7,Moonniyur(P),Malappuram,04942477153,32051200503,,,
Thirurangadi,Parappanangadi,19449,G. W. U. P. S. Trikkulam,,1 - 7,Tirurangadi(M),Malappuram,04942465200,32051200207,11.04346,75.901430000000005,"http://maps.google.com/maps?q=11.04346,75.901430000000005"
Thirurangadi,Parappanangadi,19445,GHS Neduva,Tirurangadi,1 -10,Parappanangadi(P),Malappuram,04942415088,32051200106,,,
Thirurangadi,Tanur,19636,A. M. L. P. S. Kormanthala,,1 - 4,Tanur(M),Malappuram,9495070849,32051100114,10.987159999999999,75.867883000000006,"http://maps.google.com/maps?q=10.987159999999999,75.867883000000006"
Thirurangadi,Tanur,19671,G H S Meenadathur,Tanur,1 -10,Tanalur(P),Malappuram,04942584020,32051100201,10.942207,75.910048000000003,"http://maps.google.com/maps?q=10.942207,75.910048000000003"
Thirurangadi,Tanur,19024,G. H. S. S. Kattilangadi,,1 - 12,Tanur(M),Malappuram,04942441085,32051100118,10.97254,75.891819999999996,"http://maps.google.com/maps?q=10.97254,75.891819999999996"
Thirurangadi,Tanur,19119,G. H. S. S. Ponmundam,Tanur,1 - 12,Ponmundam(P),Malappuram,04942588686,32051100501,10.957122999999999,75.956855000000004,"http://maps.google.com/maps?q=10.957122999999999,75.956855000000004"
Thirurangadi,Tanur,19660,G. L. P. S. K.Puram,Tanur,1 - 5,Tanalur(P),Malappuram,04942445040,32051100202,10.95149,75.897909999999996,"http://maps.google.com/maps?q=10.95149,75.897909999999996"
Thirurangadi,Tanur,19613,G. L. P. S. Kanmanam,Tanur,1 - 4,Valavannur(P),Malappuram,04942548698,32051100602,10.906295999999999,75.982984999999999,"http://maps.google.com/maps?q=10.906295999999999,75.982984999999999"
Thirurangadi,Tanur,19611,G. L. P. S. Klari West,Tanur,1 - 4,Perumanna klari(P),Malappuram,9400172760,32051101006,10.98592,75.967969999999994,"http://maps.google.com/maps?q=10.98592,75.967969999999994"
Thirurangadi,Tanur,19622,G. L. P. S. Nannambra,Tirurangadi,1 - 4,Nannambra(P),Malappuram,04942480710,32051100302,10.995660000000001,75.909589999999994,"http://maps.google.com/maps?q=10.995660000000001,75.909589999999994"
Thirurangadi,Tanur,19662,G. L. P. S. Ozhur,Tanur,1 - 5,Ozhur(P),Malappuram,9562313328,32051100704,10.965999999999999,75.906109999999998,"http://maps.google.com/maps?q=10.965999999999999,75.906109999999998"
Thirurangadi,Tanur,19663,G. L. P. S. Pariyapuram,,1 - 5,Tanur(M),Malappuram,04942441133,32051101102,11.002219999999999,75.873840000000001,"http://maps.google.com/maps?q=11.002219999999999,75.873840000000001"
Thirurangadi,Tanur,19629,G. L. P. S. Rayirimangalam,,1 - 4,Tanur(M),Malappuram,04942441940,32051101103,10.99357,75.873099999999994,"http://maps.google.com/maps?q=10.99357,75.873099999999994"
Thirurangadi,Tanur,19635,G. L. P. S. Rayirimangalam East,,1 - 4,Tanur(M),Malappuram,9446388965,32051100108,10.990608999999999,75.877506999999994,"http://maps.google.com/maps?q=10.990608999999999,75.877506999999994"
Thirurangadi,Tanur,19664,G. L. P. S. Tanur,,1 - 5,Tanur(M),Malappuram,2440320,32051100117,10.974337,75.879199999999997,"http://maps.google.com/maps?q=10.974337,75.879199999999997"
Thirurangadi,Tanur,19602,G. M. L. P. S. Cherumukku,Tirurangadi,1 - 4,Nannambra(P),Malappuram,04942483599,32051100303,11.02253,75.924350000000004,"http://maps.google.com/maps?q=11.02253,75.924350000000004"
Thirurangadi,Tanur,19605,G. M. L. P. S. Cheruvannur,Tanur,1 - 4,Valavannur(P),Malappuram,04942546096,32051100601,10.928094,75.973060000000004,"http://maps.google.com/maps?q=10.928094,75.973060000000004"
Thirurangadi,Tanur,19607,G. M. L. P. S. Edakadappuram,Tanur,1 - 4,Tanur(P),Malappuram,04942444068,32051100102,10.96927,75.872743,"http://maps.google.com/maps?q=10.96927,75.872743"
Thirurangadi,Tanur,19609,G. M. L. P. S. Iringavoor,Tanur,1 - 4,Cheriyamundam(P),Malappuram,04942585000,32051100403,10.93993,75.939520000000002,"http://maps.google.com/maps?q=10.93993,75.939520000000002"
Thirurangadi,Tanur,19616,G. M. L. P. S. Korad,Tanur,1 - 4,Ozhur(P),Malappuram,04942583350,32051100702,10.98109,75.914010000000005,"http://maps.google.com/maps?q=10.98109,75.914010000000005"
Thirurangadi,Tanur,19661,G. M. L. P. S. Kuttippala,Tanur,1 - 5,Perumanna klari(P),Malappuram,,32051101009,10.966749999999999,75.961110000000005,"http://maps.google.com/maps?q=10.966749999999999,75.961110000000005"
Thirurangadi,Tanur,19619,G. M. L. P. S. Manalipuzha,Tanur,1 - 4,Ozhur(P),Malappuram,9946368230,32051100703,10.990460000000001,75.925619999999995,"http://maps.google.com/maps?q=10.990460000000001,75.925619999999995"
Thirurangadi,Tanur,19624,G. M. L. P. S. Panangattur,,1 - 4,Tanur(M),Malappuram,9605115089,32051100103,10.990209999999999,75.897379999999998,"http://maps.google.com/maps?q=10.990209999999999,75.897379999999998"
Thirurangadi,Tanur,19626,G. M. L. P. S. Parapputhadam,Tanur,1 - 4,Cheriyamundam(P),Malappuram,04942588284,32051100404,10.934659999999999,75.947249999999997,"http://maps.google.com/maps?q=10.934659999999999,75.947249999999997"
Thirurangadi,Tanur,19631,G. M. L. P. S. Ponmundam South,Tanur,1 - 4,Cheriyamundam(P),Malappuram,04942585058,32051100405,10.948919999999999,75.950950000000006,"http://maps.google.com/maps?q=10.948919999999999,75.950950000000006"
Thirurangadi,Tanur,19633,G. M. L. P. S. Puthiyakadppuram North,,1 - 4,Tanur(M),Malappuram,04942444241,32051100105,10.950653000000001,75.877138000000002,"http://maps.google.com/maps?q=10.950653000000001,75.877138000000002"
Thirurangadi,Tanur,19637,G. M. L. P. S. Rayirimangalam,,1 - 4,Tanur(M),Malappuram,04942440899,32051100107,10.980980000000001,75.876930000000002,"http://maps.google.com/maps?q=10.980980000000001,75.876930000000002"
Thirurangadi,Tanur,19640,G. M. L. P. S. Tanur North,,1 - 4,Tanur(M),Malappuram,04942443361,32051100110,10.98312,75.869812999999994,"http://maps.google.com/maps?q=10.98312,75.869812999999994"
Thirurangadi,Tanur,19642,G. M. L. P. S. Thalakadathur,Tanur,1 - 4,Cheriyamundam(P),Malappuram,04942587160,32051100406,10.939,75.937460000000002,"http://maps.google.com/maps?q=10.939,75.937460000000002"
Thirurangadi,Tanur,19644,G. M. L. P. S. Thiruthy,Tirurangadi,1 - 4,Nannambra(P),Malappuram,04942480014,32051100304,11.016109999999999,75.900440000000003,"http://maps.google.com/maps?q=11.016109999999999,75.900440000000003"
Thirurangadi,Tanur,19646,G. M. L. P. S. Valavannur,Tanur,1 - 4,Valavannur(P),Malappuram,04942549080,32051100603,10.958043,75.976714000000001,"http://maps.google.com/maps?q=10.958043,75.976714000000001"
Thirurangadi,Tanur,19669,G. M. U. P. S. Kodinhi,Tirurangadi,1 - 7,Nannambra(P),Malappuram,04942482735,32051100301,11.01703,75.910719999999998,"http://maps.google.com/maps?q=11.01703,75.910719999999998"
Thirurangadi,Tanur,19673,G. M. U. P. S. Tanur Town,,1 - 7,Tanur(M),Malappuram,04942445170,32051100129,10.97752,75.871183000000002,"http://maps.google.com/maps?q=10.97752,75.871183000000002"
Thirurangadi,Tanur,19699,G. U. P. S Niramaruthur,Tanur,1 - 7,Niramaruthoor(P),Malappuram,,32051100908,,,
Thirurangadi,Tanur,19667,G. U. P. S. Karingappara,Tanur,1 - 7,Ozhur(P),Malappuram,04942489151,32051100717,10.9862,75.942490000000006,"http://maps.google.com/maps?q=10.9862,75.942490000000006"
Thirurangadi,Vengara,19862,CHAKKEERI AHAMMED KUTTY MEMORIAL G.M.U.P.S.CHERUR,Vengara,1 - 7,Kannamangalam(P),Malappuram,04942454056,32051300913,11.068300000000001,75.985929999999996,"http://maps.google.com/maps?q=11.068300000000001,75.985929999999996"
Thirurangadi,Vengara,19868,G H S Kuruka,Vengara,1 -10,Vengara(P),Malappuram,04942454244,32051300117,11.03964,75.968620000000001,"http://maps.google.com/maps?q=11.03964,75.968620000000001"
Thirurangadi,Vengara,19820,G L P S Othukkungal,Malappuram,1 - 4,Othukkungal(P),Malappuram,9645212970,32051300301,11.02562,76.026409999999998,"http://maps.google.com/maps?q=11.02562,76.026409999999998"
Thirurangadi,Vengara,19828,G M L P S Karathode,Vengara,1 - 4,Uragam(P),Malappuram,04832836171,32051300216,11.063008999999999,76.013634999999994,"http://maps.google.com/maps?q=11.063008999999999,76.013634999999994"
Thirurangadi,Vengara,19863,G U P S Cholakundu,Vengara,1 - 7,Parappur(P),Malappuram,04832750123,32051300413,11.01839,75.985020000000006,"http://maps.google.com/maps?q=11.01839,75.985020000000006"
Thirurangadi,Vengara,19867,GHS Kolappuram,Vengara,1 -10,Abdul Rahiman Nagar(P),Malappuram,9744249304,32051300706,11.05608,75.935000000000002,"http://maps.google.com/maps?q=11.05608,75.935000000000002"
Thirurangadi,Vengara,19073,GHSS Peruvallur,Tirurangadi,1 - 12,Peruvallur(P),Malappuram,04942434701,32051301019,11.105309999999999,75.924660000000003,"http://maps.google.com/maps?q=11.105309999999999,75.924660000000003"
Thirurangadi,Vengara,19077,GHSS Puthuparamba,Vengara,1 - 12,Edarikode(P),Malappuram,04832750430,32051300513,11.02323,75.970619999999997,"http://maps.google.com/maps?q=11.02323,75.970619999999997"
Thirurangadi,Vengara,19810,GLPS Kannamangalam,Vengara,1 - 4,Kannamangalam(P),Malappuram,04942493810,32051300914,11.076840000000001,75.969650000000001,"http://maps.google.com/maps?q=11.076840000000001,75.969650000000001"
Thirurangadi,Vengara,19812,GLPS Klari,Vengara,1 - 4,Edarikode(P),Malappuram,04832750460,32051300502,10.987310000000001,75.984579999999994,"http://maps.google.com/maps?q=10.987310000000001,75.984579999999994"
Thirurangadi,Vengara,19818,GLPS Kodalikundu,Vengara,1 - 4,Uragam(P),Malappuram,04942450044,32051300214,11.060510000000001,76.002499999999998,"http://maps.google.com/maps?q=11.060510000000001,76.002499999999998"
Thirurangadi,Vengara,19826,GLPS Nottappuram,Vengara,1 - 4,Kannamangalam(P),Malappuram,04942490204,32051300909,11.063656999999999,75.974143999999995,"http://maps.google.com/maps?q=11.063656999999999,75.974143999999995"
Thirurangadi,Vengara,19833,GLPS Olakara,Tirurangadi,1 - 4,Peruvallur(P),Malappuram,9497843083,32051301021,11.083855,75.930001000000004,"http://maps.google.com/maps?q=11.083855,75.930001000000004"
Thirurangadi,Vengara,19855,GLPS Orakam Kizhumuri,Vengara,1 - 5,Uragam(P),Malappuram,9847510030,32051300221,11.052021,75.993125000000006,"http://maps.google.com/maps?q=11.052021,75.993125000000006"
Thirurangadi,Vengara,19830,GLPS Orakam Melmuri,Vengara,1 - 4,Uragam(P),Malappuram,04942455815,32051300220,11.063756,76.031395000000003,"http://maps.google.com/maps?q=11.063756,76.031395000000003"
Thirurangadi,Vengara,19856,GLPS Parambilpeedika,Tirurangadi,1 - 4,Peruvallur(P),Malappuram,04942434155,32051301011,,,
Thirurangadi,Vengara,19836,GLPS Peruvallur,Tirurangadi,1 - 4,Peruvallur(P),Malappuram,9446882907,32051301012,11.11383,75.925210000000007,"http://maps.google.com/maps?q=11.11383,75.925210000000007"
Thirurangadi,Vengara,19840,GLPS Pukayur,Vengara,1 - 4,Abdul Rahiman Nagar(P),Malappuram,04942460464,32051300703,11.073853,75.914429999999996,"http://maps.google.com/maps?q=11.073853,75.914429999999996"
Thirurangadi,Vengara,19841,GLPS Thattancherimala,Vengara,1 - 4,Vengara(P),Malappuram,9747396232,32051300120,11.045565,75.945858000000001,"http://maps.google.com/maps?q=11.045565,75.945858000000001"
Thirurangadi,Vengara,19805,GMLPS C.U. Campus,Tirurangadi,1 - 4,Thenhippalam(P),Malappuram,04942401211,32051300806,11.130990000000001,75.891859999999994,"http://maps.google.com/maps?q=11.130990000000001,75.891859999999994"
Thirurangadi,Vengara,19804,GMLPS Cherukunnu,Malappuram,1 - 4,Othukkungal(P),Malappuram,9947098491,32051300308,11.012736,76.011487000000002,"http://maps.google.com/maps?q=11.012736,76.011487000000002"
Thirurangadi,Vengara,19802,GMLPS Cherur,Vengara,1 - 4,Kannamangalam(P),Malappuram,04832450556,32051300916,11.073861000000001,75.985242,"http://maps.google.com/maps?q=11.073861000000001,75.985242"
Thirurangadi,Vengara,19808,GMLPS Edakkaparamba,Vengara,1 - 4,Kannamangalam(P),Malappuram,04942491114,32051300915,11.0863,75.966750000000005,"http://maps.google.com/maps?q=11.0863,75.966750000000005"
Thirurangadi,Vengara,19809,GMLPS Iringallur,Vengara,1 - 4,Parappur(P),Malappuram,04832838583,32051300407,11.02338,76.007080000000002,"http://maps.google.com/maps?q=11.02338,76.007080000000002"
Thirurangadi,Vengara,19814,GMLPS Kilinakode,Vengara,1 - 4,Kannamangalam(P),Malappuram,04942450042,32051300910,11.07687,76.000529999999998,"http://maps.google.com/maps?q=11.07687,76.000529999999998"
Thirurangadi,Vengara,19816,GMLPS Koomanna,Tirurangadi,1 - 4,Peruvallur(P),Malappuram,04942434006,32051301020,11.087400000000001,75.913550000000001,"http://maps.google.com/maps?q=11.087400000000001,75.913550000000001"
Thirurangadi,Vengara,19853,GMLPS Koyappa,Tirurangadi,1 - 5,Thenhippalam(P),Malappuram,04942400060,32051300831,11.121880000000001,75.89622,"http://maps.google.com/maps?q=11.121880000000001,75.89622"
Thirurangadi,Vengara,19822,GMLPS Mampuram,Vengara,1 - 4,Abdul Rahiman Nagar(P),Malappuram,9847635365,32051300721,11.056100000000001,75.920419999999993,"http://maps.google.com/maps?q=11.056100000000001,75.920419999999993"
Thirurangadi,Vengara,19824,GMLPS Orakam Kizhmuri,Vengara,1 - 4,Uragam(P),Malappuram,9495531052,32051300215,11.050383,76.011311000000006,"http://maps.google.com/maps?q=11.050383,76.011311000000006"
Thirurangadi,Vengara,19838,GMLPS Puthur,Malappuram,1 - 4,Othukkungal(P),Malappuram,9446352439,32051300307,11.0036,76.015240000000006,"http://maps.google.com/maps?q=11.0036,76.015240000000006"
Thirurangadi,Vengara,19864,GMUPS Kannamangalam,Vengara,1 - 7,Kannamangalam(P),Malappuram,04942490330,32051300917,11.07803,75.975560000000002,"http://maps.google.com/maps?q=11.07803,75.975560000000002"
Thirurangadi,Vengara,19014,GMVHSS Vengara Town,Vengara,1 - 12,Vengara(P),Malappuram,04942451677,32051300115,11.049436,75.977941000000001,"http://maps.google.com/maps?q=11.049436,75.977941000000001"
Thirurangadi,Vengara,19859,GUPS AR Nagar,Vengara,1 - 7,Abdul Rahiman Nagar(P),Malappuram,04942493261,32051300705,11.071719999999999,75.947029999999998,"http://maps.google.com/maps?q=11.071719999999999,75.947029999999998"
Thirurangadi,Vengara,19866,GUPS Klari,Vengara,1 - 7,Edarikode(P),Malappuram,04832751431,32051300616,10.99273,75.979870000000005,"http://maps.google.com/maps?q=10.99273,75.979870000000005"
Thirurangadi,Vengara,19871,GUPS Thenhippalam,Tirurangadi,1 - 7,Thenhippalam(P),Malappuram,04942400188,32051300802,11.12959,75.871619999999993,"http://maps.google.com/maps?q=11.12959,75.871619999999993"
Thirurangadi,Vengara,19872,GUPS Valiyora,Vengara,1 - 7,Vengara(P),Malappuram,04942459817,32051300116,11.048730000000001,75.949709999999996,"http://maps.google.com/maps?q=11.048730000000001,75.949709999999996"
Tirur,Edappal,19216,G. B. L. P. S. Mudur,Ponnani,1 - 4,Vattamkulam(P),Malappuram,04942698650,32050700501,10.804169999999999,76.026449999999997,"http://maps.google.com/maps?q=10.804169999999999,76.026449999999997"
Tirur,Edappal,19034,G. H. S. S. Kadanchery,Ponnani,1 - 12,Kalady(P),Malappuram,04942687606,32050700709,10.825850000000001,75.987629999999996,"http://maps.google.com/maps?q=10.825850000000001,75.987629999999996"
Tirur,Edappal,19244,G. H. W. L. P. S. Maravancheri,Ponnani,1 - 5,Tavanur(P),Malappuram,8129397857,32050700305,10.831856,75.997435999999993,"http://maps.google.com/maps?q=10.831856,75.997435999999993"
Tirur,Edappal,19235,G. J. B. S. Vattamkulam,Ponnani,1 - 4,Vattamkulam(P),Malappuram,04942680633,32050700503,10.785135,76.015860000000004,"http://maps.google.com/maps?q=10.785135,76.015860000000004"
Tirur,Edappal,19201,G. L. P. S. Alankode,Perumpadappa,1 - 4,Alamcode(P),Malappuram,9946701554,32050700102,,,
Tirur,Edappal,19205,G. L. P. S. Chiyanur,Perumpadappa,1 - 4,Alamcode(P),Malappuram,9946681732,32050700103,10.738329999999999,76.030299999999997,"http://maps.google.com/maps?q=10.738329999999999,76.030299999999997"
Tirur,Edappal,19206,G. L. P. S. Edappal,Ponnani,1 - 4,Edappal(P),Malappuram,,32050700202,10.788449999999999,75.996279999999999,"http://maps.google.com/maps?q=10.788449999999999,75.996279999999999"
Tirur,Edappal,19208,G. L. P. S. Kaladi,Ponnani,1 - 4,Kalady(P),Malappuram,,32050700711,10.81377,76.012960000000007,"http://maps.google.com/maps?q=10.81377,76.012960000000007"
Tirur,Edappal,19214,G. L. P. S. Mookkuthala,Perumpadappa,1 - 4,Nannamukku(P),Malappuram,,32050700402,10.73319,76.012439999999998,"http://maps.google.com/maps?q=10.73319,76.012439999999998"
Tirur,Edappal,19218,G. L. P. S. Nariparamba,Ponnani,1 - 4,Kalady(P),Malappuram,00000000000,32050700712,10.815314000000001,75.964247,"http://maps.google.com/maps?q=10.815314000000001,75.964247"
Tirur,Edappal,19222,G. L. P. S. Perumparamba,Ponnani,1 - 4,Edappal(P),Malappuram,04942681247,32050700205,10.801500000000001,75.995469999999997,"http://maps.google.com/maps?q=10.801500000000001,75.995469999999997"
Tirur,Edappal,19223,G. L. P. S. Polpakkara,Ponnani,1 - 4,Edappal(P),Malappuram,9048611913,32050700206,10.792126,75.985551999999998,"http://maps.google.com/maps?q=10.792126,75.985551999999998"
Tirur,Edappal,19225,G. L. P. S. Sukapuram,Ponnani,1 - 4,Vattamkulam(P),Malappuram,04942684750,32050700502,10.773210000000001,76.014939999999996,"http://maps.google.com/maps?q=10.773210000000001,76.014939999999996"
Tirur,Edappal,19229,G. L. P. S. Thrikkanapuram,Ponnani,1 - 4,Tavanur(P),Malappuram,9447923828,32050700307,10.839665999999999,75.988632999999993,"http://maps.google.com/maps?q=10.839665999999999,75.988632999999993"
Tirur,Edappal,19227,G. L. P. S. Thuyyam,Ponnani,1 - 4,Edappal(P),Malappuram,9539765670,32050700207,10.78511,75.984250000000003,"http://maps.google.com/maps?q=10.78511,75.984250000000003"
Tirur,Edappal,19220,G. M. L. P. S. Pallikara,Perumpadappa,1 - 4,Nannamukku(P),Malappuram,04942650235,32050700403,10.727149000000001,76.029347999999999,"http://maps.google.com/maps?q=10.727149000000001,76.029347999999999"
Tirur,Edappal,19233,G. M. L. P. S. Vadakkummuri,Perumpadappa,1 - 4,Nannamukku(P),Malappuram,04942653730,32050700416,10.737365,76.010026999999994,"http://maps.google.com/maps?q=10.737365,76.010026999999994"
Tirur,Edappal,19246,G. M. U. P. S. Edappal,Ponnani,1 - 7,Edappal(P),Malappuram,04942685703,32050700203,10.78435,76.001549999999995,"http://maps.google.com/maps?q=10.78435,76.001549999999995"
Tirur,Edappal,19249,G. U. P. S. Kololamba,Ponnani,1 - 7,Edappal(P),Malappuram,04942689160,32050700217,10.782252,75.947046,"http://maps.google.com/maps?q=10.782252,75.947046"
Tirur,Edappal,19251,G. U. P. S. Othalur,Perumpadappa,1 - 7,Alamcode(P),Malappuram,914942083166,32050700101,10.71227,76.047499999999999,"http://maps.google.com/maps?q=10.71227,76.047499999999999"
Tirur,Edappal,19253,G. U. P. S. Pothanur,Ponnani,1 - 7,Kalady(P),Malappuram,7592930816,32050700717,10.821579,75.984728000000004,"http://maps.google.com/maps?q=10.821579,75.984728000000004"
Tirur,Edappal,19255,G. U. P. S. Vellanchery,Ponnani,1 - 7,Tavanur(P),Malappuram,9447331119,32050700303,,,
Tirur,Edappal,19063,G.H. S. S. Kokkur,Perumpadappa,1 - 12,Alamcode(P),Malappuram,04942945148,32050700115,10.730907,76.060524999999998,"http://maps.google.com/maps?q=10.730907,76.060524999999998"
Tirur,Edappal,19243,Govt L.P.School Kololomba,Ponnani,1 - 5,Edappal(P),Malappuram,9747749954,32050700204,10.759359999999999,75.995090000000005,"http://maps.google.com/maps?q=10.759359999999999,75.995090000000005"
Tirur,Edappal,19254,K. M. G. U. P. S. Thavanur,Ponnani,1 - 7,Tavanur(P),Malappuram,04942686099,32050700302,10.85258,75.983819999999994,"http://maps.google.com/maps?q=10.85258,75.983819999999994"
Tirur,Edappal,19210,Padikkal KalyaniAMMA Memorial G L P S Kallurma,Perumpadappa,1 - 4,Nannamukku(P),Malappuram,9497658218,32050700401,10.712870000000001,76.017790000000005,"http://maps.google.com/maps?q=10.712870000000001,76.017790000000005"
Tirur,Edappal,19231,Uliyathu Aboobacker Memmorial  G. L. P. S. Vadakkummuri,Perumpadappa,1 - 4,Nannamukku(P),Malappuram,04942656899,32050700404,10.72425,75.999780000000001,"http://maps.google.com/maps?q=10.72425,75.999780000000001"
Tirur,Kuttippuram,19357,G. H. S. Athavanad,Kuttippuram,1 -10,Athavanad(P),Malappuram,04942572050,32050800101,10.897069999999999,76.023139999999998,"http://maps.google.com/maps?q=10.897069999999999,76.023139999999998"
Tirur,Kuttippuram,19042,G. H. S. S. Perassannur,Kuttippuram,1 - 12,Kuttippuram(P),Malappuram,04942609519,32050800618,10.852320000000001,76.067660000000004,"http://maps.google.com/maps?q=10.852320000000001,76.067660000000004"
Tirur,Kuttippuram,19301,G. L. P. S. Athippetta,Kuttippuram,1 - 4,Edayoor(P),Malappuram,,32050800208,10.905290000000001,76.111949999999993,"http://maps.google.com/maps?q=10.905290000000001,76.111949999999993"
Tirur,Kuttippuram,19306,G. L. P. S. Chellur,Kuttippuram,1 - 4,Kuttippuram(P),Malappuram,,32050800617,10.86938,76.042339999999996,"http://maps.google.com/maps?q=10.86938,76.042339999999996"
Tirur,Kuttippuram,19308,G. L. P. S. Cheruparamba,Kuttippuram,1 - 4,Marakkara(P),Malappuram,9846206327,32050800501,10.94788,76.025130000000004,"http://maps.google.com/maps?q=10.94788,76.025130000000004"
Tirur,Kuttippuram,19310,G. L. P. S. Chottur,Kuttippuram,1 - 4,Athavanad(P),Malappuram,04942616251,32050800106,10.9161,76.039640000000006,"http://maps.google.com/maps?q=10.9161,76.039640000000006"
Tirur,Kuttippuram,19317,G. L. P. S. Kalpakancheri,Kuttippuram,1 - 4,Kalpakancheri(P),Malappuram,04942543848,32050800703,10.93859,75.976789999999994,"http://maps.google.com/maps?q=10.93859,75.976789999999994"
Tirur,Kuttippuram,19319,G. L. P. S. Karaikkad,Kuttippuram,1 - 4,Marakkara(P),Malappuram,9846556836,32050800503,10.926926,76.055676000000005,"http://maps.google.com/maps?q=10.926926,76.055676000000005"
Tirur,Kuttippuram,19321,G. L. P. S. Kattilangadi,Kuttippuram,1 - 4,Athavanad(P),Malappuram,04942571998,32050800107,10.89922,76.011259999999993,"http://maps.google.com/maps?q=10.89922,76.011259999999993"
Tirur,Kuttippuram,19322,G. L. P. S. Kattipparuthi,,1 - 4,Valanchery(M),Malappuram,9846554094,32050800402,10.88288,76.057500000000005,"http://maps.google.com/maps?q=10.88288,76.057500000000005"
Tirur,Kuttippuram,19327,G. L. P. S. Kulakkad,Kuttippuram,1 - 4,Kuttippuram(P),Malappuram,9746129200,32050800607,10.851369,76.040909999999997,"http://maps.google.com/maps?q=10.851369,76.040909999999997"
Tirur,Kuttippuram,19329,G. L. P. S. Kuttippuram,Kuttippuram,1 - 4,Kuttippuram(P),Malappuram,9446546806,32050800609,10.845313000000001,76.035837000000001,"http://maps.google.com/maps?q=10.845313000000001,76.035837000000001"
Tirur,Kuttippuram,19331,G. L. P. S. Kuttippuram North,Kuttippuram,1 - 4,Kuttippuram(P),Malappuram,04942609986,32050800606,10.85369,76.037729999999996,"http://maps.google.com/maps?q=10.85369,76.037729999999996"
Tirur,Kuttippuram,19333,G. L. P. S. Maniyankad,Kuttippuram,1 - 4,Kuttippuram(P),Malappuram,9846677715,32050800610,10.87679,75.996650000000002,"http://maps.google.com/maps?q=10.87679,75.996650000000002"
Tirur,Kuttippuram,19335,G. L. P. S. Mankeri,Kuttippuram,1 - 4,Irimbiliyam(P),Malappuram,04942621453,32050800310,10.853540000000001,76.082049999999995,"http://maps.google.com/maps?q=10.853540000000001,76.082049999999995"
Tirur,Kuttippuram,19337,G. L. P. S. Melmuri,Kuttippuram,1 - 4,Marakkara(P),Malappuram,9745993924,32050800504,10.96109,76.025480000000002,"http://maps.google.com/maps?q=10.96109,76.025480000000002"
Tirur,Kuttippuram,19339,G. L. P. S. Naduvattam,Kuttippuram,1 - 4,Kuttippuram(P),Malappuram,9496584239,32050800902,10.88021,76.008750000000006,"http://maps.google.com/maps?q=10.88021,76.008750000000006"
Tirur,Kuttippuram,19345,G. L. P. S. Perumparamba Moodal,Kuttippuram,1 - 4,Kuttippuram(P),Malappuram,9495160560,32050800608,10.870200000000001,76.046589999999995,"http://maps.google.com/maps?q=10.870200000000001,76.046589999999995"
Tirur,Kuttippuram,19348,G. L. P. S. Vadakkumbram,Kuttippuram,1 - 4,Edayoor(P),Malappuram,9895604085,32050800209,10.947849,76.077233000000007,"http://maps.google.com/maps?q=10.947849,76.077233000000007"
Tirur,Kuttippuram,19359,G. M. H. S. Karippole,Kuttippuram,1 -10,Athavanad(P),Malappuram,9633676962,32050800103,10.9222,76.030100000000004,"http://maps.google.com/maps?q=10.9222,76.030100000000004"
Tirur,Kuttippuram,19304,G. M. L. P. S. Ayirani,Kuttippuram,1 - 4,Kalpakancheri(P),Malappuram,9446680877,32050800702,10.93784,75.987620000000007,"http://maps.google.com/maps?q=10.93784,75.987620000000007"
Tirur,Kuttippuram,19313,G. M. L. P. S. Kallarmangalam,Kuttippuram,1 - 4,Marakkara(P),Malappuram,,32050800502,10.94542,76.029880000000006,"http://maps.google.com/maps?q=10.94542,76.029880000000006"
Tirur,Kuttippuram,19315,G. M. L. P. S. Kalpakancheri,Kuttippuram,1 - 4,Kalpakancheri(P),Malappuram,7902279972,32050800704,10.946999999999999,75.998639999999995,"http://maps.google.com/maps?q=10.946999999999999,75.998639999999995"
Tirur,Kuttippuram,19324,G. M. L. P. S. Kanancheri,Kuttippuram,1 - 4,Kalpakancheri(P),Malappuram,04942941610,32050800705,10.949199999999999,76.00376,"http://maps.google.com/maps?q=10.949199999999999,76.00376"
Tirur,Kuttippuram,19332,G. M. L. P. S. Manhachola,Kuttippuram,1 - 4,Kalpakancheri(P),Malappuram,2610200,32050800706,10.9421,75.993979999999993,"http://maps.google.com/maps?q=10.9421,75.993979999999993"
Tirur,Kuttippuram,19341,G. M. L. P. S. Parappuram,Kuttippuram,1 - 4,Kalpakancheri(P),Malappuram,9188831751,32050800707,10.955848,76.000038000000004,"http://maps.google.com/maps?q=10.955848,76.000038000000004"
Tirur,Kuttippuram,19343,G. M. L. P. S. Paravannur,Tanur,1 - 4,Valavannur(P),Malappuram,04942544151,32050800708,10.927588,75.991884999999996,"http://maps.google.com/maps?q=10.927588,75.991884999999996"
Tirur,Kuttippuram,19350,G. M. L. P. S. Valancheri,,1 - 4,Valanchery(M),Malappuram,04942643250,32050800403,10.883929999999999,76.068420000000003,"http://maps.google.com/maps?q=10.883929999999999,76.068420000000003"
Tirur,Kuttippuram,19363,G. U. P. S. Koodasseri,Kuttippuram,1 - 7,Athavanad(P),Malappuram,,32050800102,10.91525,76.006799999999998,"http://maps.google.com/maps?q=10.91525,76.006799999999998"
Tirur,Kuttippuram,19364,G. U. P. S. Painkannur,,1 - 7,Valanchery(M),Malappuram,,32050800401,10.87406,76.064099999999996,"http://maps.google.com/maps?q=10.87406,76.064099999999996"
Tirur,Kuttippuram,19365,G. U. P. S. Randathani,Kuttippuram,1 - 7,Kalpakancheri(P),Malappuram,8589081947,32050800701,10.96144,76.00752,"http://maps.google.com/maps?q=10.96144,76.00752"
Tirur,Kuttippuram,19312,G. W. L. P. S. Irimbliyam,Kuttippuram,1 - 4,Irimbiliyam(P),Malappuram,9447376755,32050800309,10.857390000000001,76.093389999999999,"http://maps.google.com/maps?q=10.857390000000001,76.093389999999999"
Tirur,Ponnani,19506,G. F. L. P. S. Ponnani,,1 - 4,Ponnani(M),Malappuram,04942562786,32050900502,10.74474,75.934209999999993,"http://maps.google.com/maps?q=10.74474,75.934209999999993"
Tirur,Ponnani,19535,G. F. L. P. S. Puthuponnani,,1 - 5,Ponnani(M),Malappuram,04942663760,32050900501,10.778658,75.919522000000001,"http://maps.google.com/maps?q=10.778658,75.919522000000001"
Tirur,Ponnani,19536,G. F. L. P. S. Veliyancode,Perumpadappa,1 - 5,Veliyancode(P),Malappuram,04942679760,32050900205,10.720421999999999,75.943877999999998,"http://maps.google.com/maps?q=10.720421999999999,75.943877999999998"
Tirur,Ponnani,19544,G. F. U. P. S. Kadavanad,,1 - 7,Ponnani(M),Malappuram,04942664450,32050900517,10.754025,75.941540000000003,"http://maps.google.com/maps?q=10.754025,75.941540000000003"
Tirur,Ponnani,19541,G. F. U. P. S. Palapetty,Perumpadappa,1 - 7,Perumpadappa(P),Malappuram,04942678541,32050900408,10.703471,75.952635000000001,"http://maps.google.com/maps?q=10.703471,75.952635000000001"
Tirur,Ponnani,19054,G. H. S. S. Maranchery,Perumpadappa,1 - 12,Maranchery(P),Malappuram,04942671516,32050900317,10.74075,75.970830000000007,"http://maps.google.com/maps?q=10.74075,75.970830000000007"
Tirur,Ponnani,19045,G. H. S. S. Trikkavu,,1 - 12,Ponnani(M),Malappuram,04942669580,32050900510,10.778978,75.931123999999997,"http://maps.google.com/maps?q=10.778978,75.931123999999997"
Tirur,Ponnani,19533,G. L. P. S. Kanhiramukku,Perumpadappa,1 - 5,Maranchery(P),Malappuram,9846288441,32050900313,10.758710000000001,75.966890000000006,"http://maps.google.com/maps?q=10.758710000000001,75.966890000000006"
Tirur,Ponnani,19509,G. L. P. S. Purang,Perumpadappa,1 - 4,Maranchery(P),Malappuram,9745126767,32050900307,,,
Tirur,Ponnani,19512,G. L. P. S. Theyyangad,,1 - 4,Ponnani(M),Malappuram,9446164129,32050900110,,,
Tirur,Ponnani,19516,G. L. P. S. Veliyancode Gramam,Perumpadappa,1 - 4,Veliyancode(P),Malappuram,9846456575,32050900202,10.715579999999999,75.959999999999994,"http://maps.google.com/maps?q=10.715579999999999,75.959999999999994"
Tirur,Ponnani,19514,G. L. P. S. Veliyancode New,Perumpadappa,1 - 4,Veliyancode(P),Malappuram,04942679911,32050900203,,,
Tirur,Ponnani,19537,G. L. P. S. Velleri,,1 - 5,Ponnani(M),Malappuram,04942664480,32050900504,10.783647999999999,75.931890999999993,"http://maps.google.com/maps?q=10.783647999999999,75.931890999999993"
Tirur,Ponnani,19507,G. M. L. P. S. Ponnani Town,,1 - 4,Ponnani(M),Malappuram,9446541189,32050900503,10.775853,75.922212999999999,"http://maps.google.com/maps?q=10.775853,75.922212999999999"
Tirur,Ponnani,19519,G. M. L. P. S. Veliyancode,Perumpadappa,1 - 4,Veliyancode(P),Malappuram,04942672060,32050900204,10.748939999999999,75.946814000000003,"http://maps.google.com/maps?q=10.748939999999999,75.946814000000003"
Tirur,Ponnani,19543,G. M. U. P. S. Veliyancode South,Perumpadappa,1 - 7,Veliyancode(P),Malappuram,04942677289,32050900215,10.725479999999999,75.952569999999994,"http://maps.google.com/maps?q=10.725479999999999,75.952569999999994"
Tirur,Ponnani,19539,G. U. P. S. Cheruvayikkara,,1 - 7,Ponnani(M),Malappuram,2664420,32050900101,10.789099999999999,75.963610000000003,"http://maps.google.com/maps?q=10.789099999999999,75.963610000000003"
Tirur,Ponnani,19556,GLPS Kadavanad,,1 - 4,Ponnani(M),Malappuram,7306318013,32050900103,,,
Tirur,Tirur,19764,G. L. P. S. Annara,,1 - 5,Thirur(M),Malappuram,04942429840,32051000646,,,
Tirur,Tirur,19704,G. L. P. S. B. P. Angadi,Tirur,1 - 4,Thalakkad(P),Malappuram,09895974243,32051000402,,,
Tirur,Tirur,19721,G. L. P. S. Mangattiri,Tirur,1 - 4,Thalakkad(P),Malappuram,8075452825,32051000403,,,
Tirur,Tirur,19730,G. L. P. S. Thekkankuttur,Tirur,1 - 4,Thalakkad(P),Malappuram,9446659401,32051000404,,,
Tirur,Tirur,19732,G. L. P. S. Thekkummuri,,1 - 4,Thirur(M),Malappuram,04942940621,32051000603,,,
Tirur,Tirur,19734,G. L. P. S. Thiruthi,Tirur,1 - 4,Thirunavaya(P),Malappuram,9497410438,32051000304,,,
Tirur,Tirur,19736,G. L. P. S. Thrikandiyur,,1 - 4,Thirur(M),Malappuram,9495094533,32051000645,,,
Tirur,Tirur,19707,G. M. L. P. S. Edakkulam,Tirur,1 - 4,Thirunavaya(P),Malappuram,9447827815,32051000301,,,
Tirur,Tirur,19710,G. M. L. P. S. Kaithakkara,Tirur,1 - 4,Thirunavaya(P),Malappuram,9656091229,32051000302,,,
Tirur,Tirur,19713,G. M. L. P. S. Kuttayi North,Tirur,1 - 4,Mangalam(P),Malappuram,04942631615,32051000713,10.849138,75.901949000000002,"http://maps.google.com/maps?q=10.849138,75.901949000000002"
Tirur,Tirur,19716,G. M. L. P. S. Kuttayi South,Tirur,1 - 4,Mangalam(P),Malappuram,04942632500,32051000714,,,
Tirur,Tirur,19719,G. M. L. P. S. Mangalam,Tirur,1 - 4,Mangalam(P),Malappuram,04942569400,32051000707,10.854956,75.920975999999996,"http://maps.google.com/maps?q=10.854956,75.920975999999996"
Tirur,Tirur,19723,G. M. L. P. S. Muttannur,Tirur,1 - 4,Purathur(P),Malappuram,9496459076,32051000204,10.83277,75.914959999999994,"http://maps.google.com/maps?q=10.83277,75.914959999999994"
Tirur,Tirur,19725,G. M. L. P. S. Pachattiri,Tirur,1 - 4,Vettom(P),Malappuram,9447275677,32051000504,,,
Tirur,Tirur,19727,G. M. L. P. S. SouthPallar,Tirur,1 - 4,Thirunavaya(P),Malappuram,6238843404,32051000303,,,
Tirur,Tirur,19738,G. M. L. P. S. Valiya Parappur,Tirur,1 - 4,Thirunavaya(P),Malappuram,04942572345,32051000305,,,
Tirur,Tirur,19740,G. M. L. P. S. Vettam Pallippuram,Tirur,1 - 4,Triprangode(P),Malappuram,04942561100,32051000102,10.82254,75.951260000000005,"http://maps.google.com/maps?q=10.82254,75.951260000000005"
Tirur,Tirur,19767,G. M. U. P. S. BP Angadi,Tirur,1 - 7,Thalakkad(P),Malappuram,04942431033,32051000401,,,
Tirur,Tirur,19774,G. M. U. P. S. Edakkanad,Tirur,1 - 7,Purathur(P),Malappuram,04942562492,32051000201,10.823370000000001,75.920150000000007,"http://maps.google.com/maps?q=10.823370000000001,75.920150000000007"
Tirur,Tirur,19781,G. M. U. P. S. Paravanna,Tirur,1 - 7,Vettom(P),Malappuram,9846190709,32051000524,10.900722,75.892309999999995,"http://maps.google.com/maps?q=10.900722,75.892309999999995"
Tirur,Tirur,19779,G. M. U. P. S. Tirur,,1 - 7,Thirur(M),Malappuram,9846665996,32051000601,,,
Tirur,Tirur,19769,G. U. P. S. Chamravattam,Tirur,1 - 7,Triprangode(P),Malappuram,04942562660,32051000101,,,
Tirur,Tirur,19777,G. U. P. S. Purathupadinjarekkara,Tirur,1 - 7,Purathur(P),Malappuram,9497344062,32051000203,10.809760000000001,75.90925,"http://maps.google.com/maps?q=10.809760000000001,75.90925"
Tirur,Tirur,19775,G. U. P. S. Purathur,Tirur,1 - 7,Purathur(P),Malappuram,04942563278,32051000202,10.804169999999999,75.921819999999997,"http://maps.google.com/maps?q=10.804169999999999,75.921819999999997"
Tirur,Tirur,19765,G. W. L. P. S. Purathur,Tirur,1 - 5,Purathur(P),Malappuram,04942563087,32051000205,10.80058,75.919460000000001,"http://maps.google.com/maps?q=10.80058,75.919460000000001"
Wandoor,Areacode,48141,G H S Perakamanna,Areacode,1 -10,Edavanna(P),Malappuram,04832216919,32050100401,,,
Wandoor,Areacode,48137,G H S Vettilappara,Areacode,1 -10,Urangattiri(P),Malappuram,04832759410,32050100303,,,
Wandoor,Areacode,48205,G L P S Chengara,Areacode,1 - 4,Kavannur(P),Malappuram,8589858943,32050100203,11.175789999999999,76.079639999999998,"http://maps.google.com/maps?q=11.175789999999999,76.079639999999998"
Wandoor,Areacode,48221,G L P S Pathanapuram,Areacode,1 - 4,Keezhuparamba(P),Malappuram,04832851625,32050100503,11.24532,76.044589999999999,"http://maps.google.com/maps?q=11.24532,76.044589999999999"
Wandoor,Areacode,48276,G L P S West Pathanapuram,Areacode,1 - 4,Keezhuparamba(P),Malappuram,9446781568,32050100520,,,
Wandoor,Areacode,48245,G U P S Odakkayam,Areacode,1 - 7,Urangattiri(P),Malappuram,8921529503,32050100301,11.274431,76.128996999999998,"http://maps.google.com/maps?q=11.274431,76.128996999999998"
Wandoor,Areacode,48134,G. H. S Pannippara,Areacode,1 -10,Edavanna(P),Malappuram,9544488857,32050101102,,,
Wandoor,Areacode,48140,GHS Vadasseri,Areacode,1 -10,Kavannur(P),Malappuram,04832862030,32050100202,,,
Wandoor,Areacode,48203,GLPS Chemrakattur,Areacode,1 - 4,Areacode(P),Malappuram,9946889792,32050100104,11.20933,76.039609999999996,"http://maps.google.com/maps?q=11.20933,76.039609999999996"
Wandoor,Areacode,48210,GLPS Kavanur,Areacode,1 - 4,Kavannur(P),Malappuram,9447393447,32050100204,11.197194,76.055282000000005,"http://maps.google.com/maps?q=11.197194,76.055282000000005"
Wandoor,Areacode,48213,GLPS Kizhuparamba South,Areacode,1 - 4,Keezhuparamba(P),Malappuram,,32050100508,11.243869999999999,76.012810000000002,"http://maps.google.com/maps?q=11.243869999999999,76.012810000000002"
Wandoor,Areacode,48214,GLPS Kozhakottur,Areacode,1 - 4,Areacode(P),Malappuram,04832851450,32050100105,11.22002,76.045389999999998,"http://maps.google.com/maps?q=11.22002,76.045389999999998"
Wandoor,Areacode,48215,GLPS Kuniyil,Areacode,1 - 4,Keezhuparamba(P),Malappuram,9745678386,32050100501,11.25558,76.019379999999998,"http://maps.google.com/maps?q=11.25558,76.019379999999998"
Wandoor,Areacode,48216,GLPS Kuniyil South,Areacode,1 - 4,Keezhuparamba(P),Malappuram,04832858255,32050100502,11.24197,76.021060000000006,"http://maps.google.com/maps?q=11.24197,76.021060000000006"
Wandoor,Areacode,48217,GLPS Kuthuparamba,Areacode,1 - 4,Urangattiri(P),Malappuram,04832844048,32050100307,11.228630000000001,76.078739999999996,"http://maps.google.com/maps?q=11.228630000000001,76.078739999999996"
Wandoor,Areacode,48219,GLPS Palappatta,Areacode,1 - 4,Edavanna(P),Malappuram,04832944250,32050101101,11.213015,76.120174000000006,"http://maps.google.com/maps?q=11.213015,76.120174000000006"
Wandoor,Areacode,48222,GLPS Pavanna,Areacode,1 - 4,Urangattiri(P),Malappuram,9544759072,32050100309,11.2204,76.098439999999997,"http://maps.google.com/maps?q=11.2204,76.098439999999997"
Wandoor,Areacode,48225,GLPS Thachanna,Areacode,1 - 4,Urangattiri(P),Malappuram,04832844692,32050100306,11.240600000000001,76.070769999999996,"http://maps.google.com/maps?q=11.240600000000001,76.070769999999996"
Wandoor,Areacode,48226,GLPS Thavarapparamba,Areacode,1 - 4,Kavannur(P),Malappuram,04832862540,32050100205,11.189738999999999,76.048508999999996,"http://maps.google.com/maps?q=11.189738999999999,76.048508999999996"
Wandoor,Areacode,48227,GLPS Thencheri,Areacode,1 - 4,Urangattiri(P),Malappuram,04832845688,32050100308,11.23171,76.092920000000007,"http://maps.google.com/maps?q=11.23171,76.092920000000007"
Wandoor,Areacode,48202,GMLPS Areacode West,Areacode,1 - 4,Areacode(P),Malappuram,8547791251,32050100103,11.239179999999999,76.048716999999996,"http://maps.google.com/maps?q=11.239179999999999,76.048716999999996"
Wandoor,Areacode,48212,GMLPS Kizhuparamba,Areacode,1 - 4,Keezhuparamba(P),Malappuram,04832858160,32050100507,11.24977,76.013469999999998,"http://maps.google.com/maps?q=11.24977,76.013469999999998"
Wandoor,Areacode,48224,GMLPS Puthalam,Areacode,1 - 4,Areacode(P),Malappuram,,32050100106,11.226101,76.054243,"http://maps.google.com/maps?q=11.226101,76.054243"
Wandoor,Areacode,48237,GMUPS Areacode,Areacode,1 - 7,Areacode(P),Malappuram,04832851655,32050100101,11.236520000000001,76.051820000000006,"http://maps.google.com/maps?q=11.236520000000001,76.051820000000006"
Wandoor,Areacode,48244,GMUPS Mundambra,Areacode,1 - 7,Areacode(P),Malappuram,9048109132,32050100102,11.225390000000001,76.027619999999999,"http://maps.google.com/maps?q=11.225390000000001,76.027619999999999"
Wandoor,Areacode,48238,GUPS Chundathumpoyil,Areacode,1 - 7,Urangattiri(P),Malappuram,2759378,32050100305,11.282532,76.067240999999996,"http://maps.google.com/maps?q=11.282532,76.067240999999996"
Wandoor,Areacode,48242,GUPS Maithra,Areacode,1 - 7,Urangattiri(P),Malappuram,04832844886,32050100317,11.228009999999999,76.063810000000004,"http://maps.google.com/maps?q=11.228009999999999,76.063810000000004"
Wandoor,Areacode,48243,GUPS Moorkanad,Areacode,1 - 7,Urangattiri(P),Malappuram,04832844755,32050100302,11.24091,76.057479999999998,"http://maps.google.com/maps?q=11.24091,76.057479999999998"
Wandoor,Melattur,48139,G.H.S. Kappu,Perinthalmanna,1 -10,Vettathur(P),Malappuram,04933210495,32050500901,,,
Wandoor,Melattur,48330,G.L.P.S. Chemmaniyode,Perinthalmanna,1 - 5,Melattur(P),Malappuram,04933278490,32050500601,11.04589,76.282700000000006,"http://maps.google.com/maps?q=11.04589,76.282700000000006"
Wandoor,Melattur,48304,G.L.P.S. Cheriparamba,Kalikavu,1 - 4,Edappatta(P),Malappuram,6235701138,32050500303,11.06386,76.326040000000006,"http://maps.google.com/maps?q=11.06386,76.326040000000006"
Wandoor,Melattur,48339,G.L.P.S. Edappatta,Kalikavu,1 - 4,Edappatta(P),Malappuram,9539218900,32050500304,11.08461,76.276650000000004,"http://maps.google.com/maps?q=11.08461,76.276650000000004"
Wandoor,Melattur,48309,G.L.P.S. Kara,Perinthalmanna,1 - 4,Vettathur(P),Malappuram,9288907728,32050500902,11.00977,76.322090000000003,"http://maps.google.com/maps?q=11.00977,76.322090000000003"
Wandoor,Melattur,48310,G.L.P.S. Kizhakkumpadam,Perinthalmanna,1 - 4,Melattur(P),Malappuram,9495744721,32050500602,11.07034,76.286550000000005,"http://maps.google.com/maps?q=11.07034,76.286550000000005"
Wandoor,Melattur,48320,G.L.P.S. Kombamkallu,Kalikavu,1 - 4,Edappatta(P),Malappuram,9447938447,32050500306,11.051583000000001,76.304586999999998,"http://maps.google.com/maps?q=11.051583000000001,76.304586999999998"
Wandoor,Melattur,48315,G.L.P.S. Melkulangara,Perinthalmanna,1 - 4,Vettathur(P),Malappuram,,32050500903,11.01389,76.265709999999999,"http://maps.google.com/maps?q=11.01389,76.265709999999999"
Wandoor,Melattur,48319,G.L.P.S. Pathirikode,Kalikavu,1 - 4,Edappatta(P),Malappuram,04933279944,32050500305,11.067909999999999,76.303319999999999,"http://maps.google.com/maps?q=11.067909999999999,76.303319999999999"
Wandoor,Melattur,48321,G.L.P.S. Pattikkad,Perinthalmanna,1 - 4,Keezhattur(P),Malappuram,,32050500503,11.01924,76.235659999999996,"http://maps.google.com/maps?q=11.01924,76.235659999999996"
Wandoor,Melattur,48323,G.L.P.S. Pezhumthara,Kalikavu,1 - 4,Edappatta(P),Malappuram,9497627954,32050500307,11.05796,76.289900000000003,"http://maps.google.com/maps?q=11.05796,76.289900000000003"
Wandoor,Melattur,48328,G.L.P.S. Thelakkad,Perinthalmanna,1 - 4,Vettathur(P),Malappuram,9446511480,32050500905,11.022919999999999,76.258080000000007,"http://maps.google.com/maps?q=11.022919999999999,76.258080000000007"
Wandoor,Melattur,48329,G.L.P.S. Valayapuram,Perinthalmanna,1 - 4,Melattur(P),Malappuram,9497206784,32050500504,11.045030000000001,76.273420000000002,"http://maps.google.com/maps?q=11.045030000000001,76.273420000000002"
Wandoor,Melattur,48317,G.M.L.P.S. Nenmini,Perinthalmanna,1 - 4,Keezhattur(P),Malappuram,09446355685,32050500502,11.053459999999999,76.209400000000002,"http://maps.google.com/maps?q=11.053459999999999,76.209400000000002"
Wandoor,Melattur,48318,G.M.L.P.S. Pallikuth,Perinthalmanna,1 - 4,Vettathur(P),Malappuram,04933235880,32050500904,11.015280000000001,76.229590000000002,"http://maps.google.com/maps?q=11.015280000000001,76.229590000000002"
Wandoor,Melattur,48333,G.M.U.P.S. Oravambram,Perinthalmanna,1 - 7,Keezhattur(P),Malappuram,04832784939,32050500522,11.082140000000001,76.216650000000001,"http://maps.google.com/maps?q=11.082140000000001,76.216650000000001"
Wandoor,Melattur,48326,M.P.G.L.P.S. Puthanpally,Perinthalmanna,1 - 4,Melattur(P),Malappuram,9497659670,32050500609,11.03177,76.280019999999993,"http://maps.google.com/maps?q=11.03177,76.280019999999993"
Wandoor,Nilambur,48401,Amarambalam GLPS,Kalikavu,1 - 4,Amarambalam(P),Malappuram,04931262060,32050400805,,,
Wandoor,Nilambur,48452,Amarambalam South GUPS,Kalikavu,1 - 7,Amarambalam(P),Malappuram,04931260028,32050400801,,,
Wandoor,Nilambur,48406,Cholamunda GLPS,Nilambur,1 - 4,Moothedam(P),Malappuram,9495133776,32050402601,,,
Wandoor,Nilambur,48407,Chungathara G L P S,Nilambur,1 - 4,Chungathara(P),Malappuram,04931230091,32050400407,,,
Wandoor,Nilambur,48410,Edivanna Estate GLPS,Nilambur,1 - 4,Chaliyar(P),Malappuram,04931208120,32050402503,11.31663,76.204279999999997,"http://maps.google.com/maps?q=11.31663,76.204279999999997"
Wandoor,Nilambur,48455,Eranhimangad GUPS,Nilambur,1 - 7,Chaliyar(P),Malappuram,04931206055,32050400407,11.306609999999999,76.210189999999997,"http://maps.google.com/maps?q=11.306609999999999,76.210189999999997"
Wandoor,Nilambur,48077,G H S S Moothedath,Nilambur,1 - 12,Moothedam(P),Malappuram,04931276698,32050402605,,,
Wandoor,Nilambur,48144,GHS Marutha,Nilambur,1 -10,Vazhikkadavu(P),Malappuram,04931288560,32050400103,,,
Wandoor,Nilambur,48138,GHS Munderi,Nilambur,1 -10,Pothukkal(P),Malappuram,04931208282,32050402703,,,
Wandoor,Nilambur,48100,GHSS Edakkara,Nilambur,1 - 12,Edakkara(P),Malappuram,04931275729,32050400206,,,
Wandoor,Nilambur,48408,GLPS Chungathara Panchayath,Nilambur,1 - 4,Chungathara(P),Malappuram,04931232233,32050400411,11.352719,76.265172000000007,"http://maps.google.com/maps?q=11.352719,76.265172000000007"
Wandoor,Nilambur,48414,GLPS Kattumunda East,Wandoor,1 - 4,Mampad(P),Malappuram,9497345025,32050400904,11.234498,76.208360999999996,"http://maps.google.com/maps?q=11.234498,76.208360999999996"
Wandoor,Nilambur,48423,GLPS Meppadam,Wandoor,1 - 4,Mampad(P),Malappuram,9447354851,32050400907,11.229179999999999,76.181820000000002,"http://maps.google.com/maps?q=11.229179999999999,76.181820000000002"
Wandoor,Nilambur,48426,GMLPS Mukkatta,,1 - 4,Nilambur(M),Malappuram,04931223938,32050400707,,,
Wandoor,Nilambur,48431,GMLPS Nilambur,,1 - 4,Nilambur(M),Malappuram,04931225575,32050400708,11.284931,76.237480000000005,"http://maps.google.com/maps?q=11.284931,76.237480000000005"
Wandoor,Nilambur,48413,GMLPS Panthalingal,Wandoor,1 - 4,Mampad(P),Malappuram,9497873961,32050400905,11.22118,76.198030000000003,"http://maps.google.com/maps?q=11.22118,76.198030000000003"
Wandoor,Nilambur,48129,I G M M R S Nilambur,,1 - 12,Nilambur(M),Malappuram,04931224194,32050400720,,,
Wandoor,Nilambur,48411,Karimbuzha GMLPS,,1 - 4,Nilambur(M),Malappuram,04931222033,32050400705,,,
Wandoor,Nilambur,48415,Kavalamukkatta GLPS,Kalikavu,1 - 4,Amarambalam(P),Malappuram,04931261070,32050400806,,,
Wandoor,Nilambur,48416,Konamunda GLPS,Nilambur,1 - 4,Chaliyar(P),Malappuram,9496807317,32050402505,11.323219999999999,76.218609999999998,"http://maps.google.com/maps?q=11.323219999999999,76.218609999999998"
Wandoor,Nilambur,48457,Kurumbalangode GUPS,Nilambur,1 - 7,Chungathara(P),Malappuram,04931255754,32050400401,,,
Wandoor,Nilambur,48419,Mamankara GLPS,Nilambur,1 - 4,Vazhikkadavu(P),Malappuram,04931287040,32050400107,,,
Wandoor,Nilambur,48420,Mampad North GMLPS,Wandoor,1 - 4,Mampad(P),Malappuram,04931201600,32050400906,11.247311,76.180296999999996,"http://maps.google.com/maps?q=11.247311,76.180296999999996"
Wandoor,Nilambur,48422,Mankuth GLPS,,1 - 4,Nilambur(M),Malappuram,04931223712,32050400706,,,
Wandoor,Nilambur,48425,Mooleppadam GLPS,Nilambur,1 - 4,Chaliyar(P),Malappuram,9946889594,32050402507,11.322229999999999,76.192520000000002,"http://maps.google.com/maps?q=11.322229999999999,76.192520000000002"
Wandoor,Nilambur,48463,Myladi GUPS,Nilambur,1 - 7,Chaliyar(P),Malappuram,04931206800,32050402501,11.304320000000001,76.231290000000001,"http://maps.google.com/maps?q=11.304320000000001,76.231290000000001"
Wandoor,Nilambur,48429,Naduvakkad GLPS,Wandoor,1 - 4,Mampad(P),Malappuram,9048135369,32050400908,11.24277,76.191029999999998,"http://maps.google.com/maps?q=11.24277,76.191029999999998"
Wandoor,Nilambur,48430,Nedungayam GTLPS,Nilambur,1 - 4,Moothedam(P),Malappuram,9496841311,32050402609,,,
Wandoor,Nilambur,48466,Nilambur GMUPS,,1 - 7,Nilambur(M),Malappuram,04931220410,32050400701,11.275869999999999,76.222939999999994,"http://maps.google.com/maps?q=11.275869999999999,76.222939999999994"
Wandoor,Nilambur,48468,Pallikuth GUPS,Nilambur,1 - 7,Chungathara(P),Malappuram,04931231718,32050400448,,,
Wandoor,Nilambur,48469,Paramba G U P S,Kalikavu,1 - 7,Amarambalam(P),Malappuram,9946365721,32050402605,,,
Wandoor,Nilambur,48435,Pathirippadam GLPS,Nilambur,1 - 4,Edakkara(P),Malappuram,,32050400202,,,
Wandoor,Nilambur,48436,Payampadam GLPS,Kalikavu,1 - 4,Amarambalam(P),Malappuram,04931262040,32050400807,,,
Wandoor,Nilambur,48437,Perumbathur GLPS,Nilambur,1 - 4,Chaliyar(P),Malappuram,,32050402506,11.347239999999999,76.215090000000004,"http://maps.google.com/maps?q=11.347239999999999,76.215090000000004"
Wandoor,Nilambur,48439,Poolappadam GLPS,Nilambur,1 - 4,Pothukkal(P),Malappuram,9446242123,32050402705,,,
Wandoor,Nilambur,48441,Pullippadam GLPS,Wandoor,1 - 4,Mampad(P),Malappuram,,32050400909,11.24638,76.170119999999997,"http://maps.google.com/maps?q=11.24638,76.170119999999997"
Wandoor,Nilambur,48445,Vadapuram GMLPS,Wandoor,1 - 4,Mampad(P),Malappuram,,32050400910,11.258115999999999,76.202820000000003,"http://maps.google.com/maps?q=11.258115999999999,76.202820000000003"
Wandoor,Nilambur,48446,Valanthode GTLPS,Nilambur,1 - 4,Chaliyar(P),Malappuram,8086596554,32050402504,11.3254,76.192359999999994,"http://maps.google.com/maps?q=11.3254,76.192359999999994"
Wandoor,Nilambur,48447,Varikkal GLPS,Kalikavu,1 - 4,Karulai(P),Malappuram,04931270850,32050400606,,,
Wandoor,Nilambur,48448,Veettikuth GLPS,,1 - 4,Nilambur(M),Malappuram,04931224269,32050400709,11.274050000000001,76.228769999999997,"http://maps.google.com/maps?q=11.274050000000001,76.228769999999997"
Wandoor,Nilambur,48450,Vendekkumpotty GLPS,Nilambur,1 - 4,Vazhikkadavu(P),Malappuram,9495608263,32050400111,,,
Wandoor,Wandoor,48501,Adakkakundu GLPS,Kalikavu,1 - 4,Kalikavu(P),Malappuram,04931258285,32050300123,11.163786,76.347607999999994,"http://maps.google.com/maps?q=11.163786,76.347607999999994"
Wandoor,Wandoor,48502,Akkarakulam GLPS,Kalikavu,1 - 4,Thuvvur(P),Malappuram,04931284800,32050300403,11.12351,76.292331000000004,"http://maps.google.com/maps?q=11.12351,76.292331000000004"
Wandoor,Wandoor,48504,Amapoyil GLPS,Kalikavu,1 - 4,Kalikavu(P),Malappuram,04931259766,32050300807,11.161726,76.308576000000002,"http://maps.google.com/maps?q=11.161726,76.308576000000002"
Wandoor,Wandoor,48545,Chadangamkulam GLPS,Wandoor,1 - 5,Thiruvali(P),Malappuram,04931245115,32050300301,11.217015999999999,76.221098999999995,"http://maps.google.com/maps?q=11.217015999999999,76.221098999999995"
Wandoor,Wandoor,48551,Chokkad GMUPS,Kalikavu,1 - 7,Chokkad(P),Malappuram,04931260105,32050300710,11.22275,76.334069999999997,"http://maps.google.com/maps?q=11.22275,76.334069999999997"
Wandoor,Wandoor,48510,Chokkad Girijan Colony GLPS,Kalikavu,1 - 4,Chokkad(P),Malappuram,9747635304,32050300709,11.235471,76.355497999999997,"http://maps.google.com/maps?q=11.235471,76.355497999999997"
Wandoor,Wandoor,48049,G G V H S S Wandoor,Wandoor,1 - 12,Wandoor(P),Malappuram,04931247670,32050300610,11.19562,76.234258999999994,"http://maps.google.com/maps?q=11.19562,76.234258999999994"
Wandoor,Wandoor,48558,G H S Neelanchery,Kalikavu,1 -10,Thuvvur(P),Malappuram,04931280060,32050300401,11.145257000000001,76.322665999999998,"http://maps.google.com/maps?q=11.145257000000001,76.322665999999998"
Wandoor,Wandoor,48549,G.H.S Anchachavadi,Kalikavu,1 -10,Kalikavu(P),Malappuram,04931257009,32050300804,11.186529999999999,76.290570000000002,"http://maps.google.com/maps?q=11.186529999999999,76.290570000000002"
Wandoor,Wandoor,48135,GHS Kappilkarad,Wandoor,1 -10,Wandoor(P),Malappuram,9446505027,32050300601,,,
Wandoor,Wandoor,48553,Kalikavu Bazar G M U P S,Kalikavu,1 - 7,Kalikavu(P),Malappuram,04931259301,32050300103,11.1686,76.326620000000005,"http://maps.google.com/maps?q=11.1686,76.326620000000005"
Wandoor,Wandoor,48512,Kallamoola GLPS,Kalikavu,1 - 4,Chokkad(P),Malappuram,,32050300712,11.21466,76.337699999999998,"http://maps.google.com/maps?q=11.21466,76.337699999999998"
Wandoor,Wandoor,48513,Karuvarakundu GLPS,Kalikavu,1 - 4,Karuvarakundu(P),Malappuram,04931280044,32050300202,11.112712999999999,76.327713000000003,"http://maps.google.com/maps?q=11.112712999999999,76.327713000000003"
Wandoor,Wandoor,48515,Kizhakkethala GLPS,Kalikavu,1 - 4,Karuvarakundu(P),Malappuram,04931280243,32050300204,11.124123000000001,76.341958000000005,"http://maps.google.com/maps?q=11.124123000000001,76.341958000000005"
Wandoor,Wandoor,48516,Koithakundu GLPS,Kalikavu,1 - 4,Karuvarakundu(P),Malappuram,04931280041,32050300901,11.134268,76.329210000000003,"http://maps.google.com/maps?q=11.134268,76.329210000000003"
Wandoor,Wandoor,48517,Kooripoyil GLPS,Kalikavu,1 - 4,Chokkad(P),Malappuram,9745029594,32050300110,11.199852999999999,76.297753,"http://maps.google.com/maps?q=11.199852999999999,76.297753"
Wandoor,Wandoor,48557,Maliyekkal GUPS,Kalikavu,1 - 7,Chokkad(P),Malappuram,04931257250,32050300104,11.194906,76.308245999999997,"http://maps.google.com/maps?q=11.194906,76.308245999999997"
Wandoor,Wandoor,48519,Mampattumoola GLPS,Kalikavu,1 - 4,Chokkad(P),Malappuram,04931260162,32050300711,11.221496999999999,76.317111999999995,"http://maps.google.com/maps?q=11.221496999999999,76.317111999999995"
Wandoor,Wandoor,48520,Mampuzha GLPS,Kalikavu,1 - 4,Thuvvur(P),Malappuram,04931284898,32050300402,11.121202,76.312343999999996,"http://maps.google.com/maps?q=11.121202,76.312343999999996"
Wandoor,Wandoor,48521,Mundakkode GLPS,Kalikavu,1 - 4,Thuvvur(P),Malappuram,04931284022,32050300404,11.103337,76.269120999999998,"http://maps.google.com/maps?q=11.103337,76.269120999999998"
Wandoor,Wandoor,48523,Pallisseri GLPS,Kalikavu,1 - 4,Kalikavu(P),Malappuram,04931257006,32050300806,11.179967,76.303280999999998,"http://maps.google.com/maps?q=11.179967,76.303280999999998"
Wandoor,Wandoor,48524,Pattanamkundu GLPS,Wandoor,1 - 4,Porur(P),Malappuram,04931325543,32050300501,11.157698999999999,76.179053999999994,"http://maps.google.com/maps?q=11.157698999999999,76.179053999999994"
Wandoor,Wandoor,48525,Payyakode GLPS,Kalikavu,1 - 4,Karuvarakundu(P),Malappuram,04931294364,32050300205,,,
Wandoor,Wandoor,48559,Pazhayakadakkal GUPS,Kalikavu,1 - 7,Karuvarakundu(P),Malappuram,04931280670,32050300905,11.142177,76.347892000000002,"http://maps.google.com/maps?q=11.142177,76.347892000000002"
Wandoor,Wandoor,48526,Pazhedam Panampoyil GLPS,Wandoor,1 - 4,Wandoor(P),Malappuram,9446154409,32050300602,11.21106,76.292804000000004,"http://maps.google.com/maps?q=11.21106,76.292804000000004"
Wandoor,Wandoor,48522,Pedayenthal GLPS,Kalikavu,1 - 4,Chokkad(P),Malappuram,9495227927,32050300708,11.229359000000001,76.340070999999995,"http://maps.google.com/maps?q=11.229359000000001,76.340070999999995"
Wandoor,Wandoor,48527,Pookkulam GLPS,Wandoor,1 - 4,Wandoor(P),Malappuram,9497114839,32050300603,11.18966,76.234065999999999,"http://maps.google.com/maps?q=11.18966,76.234065999999999"
Wandoor,Wandoor,48528,Poongode GLPS,Kalikavu,1 - 4,Kalikavu(P),Malappuram,04931236781,32050300805,11.170318999999999,76.278983999999994,"http://maps.google.com/maps?q=11.170318999999999,76.278983999999994"
Wandoor,Wandoor,48530,Pullengode GMLPS,Kalikavu,1 - 4,Chokkad(P),Malappuram,9809741865,32050300707,11.200585,76.337046999999998,"http://maps.google.com/maps?q=11.200585,76.337046999999998"
Wandoor,Wandoor,48531,Pulvetta GLPS,Kalikavu,1 - 4,Karuvarakundu(P),Malappuram,04931294747,32050300206,11.113842999999999,76.338093000000001,"http://maps.google.com/maps?q=11.113842999999999,76.338093000000001"
Wandoor,Wandoor,48532,Santhinagar GLPS,Wandoor,1 - 4,Wandoor(P),Malappuram,04931236788,32050300604,11.208766000000001,76.260673999999995,"http://maps.google.com/maps?q=11.208766000000001,76.260673999999995"
Wandoor,Wandoor,48533,Tharish GLPS,Kalikavu,1 - 4,Karuvarakundu(P),Malappuram,9744031374,32050300228,11.125284000000001,76.349710999999999,"http://maps.google.com/maps?q=11.125284000000001,76.349710999999999"
Wandoor,Wandoor,48536,Thiruvali GLPS,Wandoor,1 - 4,Thiruvali(P),Malappuram,04832720688,32050300302,11.200862000000001,76.170913999999996,"http://maps.google.com/maps?q=11.200862000000001,76.170913999999996"
Wandoor,Wandoor,48538,Thuvvur GLPS,Kalikavu,1 - 4,Thuvvur(P),Malappuram,9497872074,32050300405,11.111585,76.284165000000002,"http://maps.google.com/maps?q=11.111585,76.284165000000002"
Wandoor,Wandoor,48539,Uthirampoyil GLPS,Kalikavu,1 - 4,Chokkad(P),Malappuram,04931259033,32050300115,11.187986,76.326544999999996,"http://maps.google.com/maps?q=11.187986,76.326544999999996"
Wandoor,Wandoor,48529,V.M.D Memorial Govt L.P.S Porur,Wandoor,1 - 4,Porur(P),Malappuram,,32050300503,11.163351,76.249634,"http://maps.google.com/maps?q=11.163351,76.249634"
Wandoor,Wandoor,48540,Vaniyambalam CKAGLPS,Wandoor,1 - 4,Wandoor(P),Malappuram,9495861257,32050300605,11.188604,76.262534000000002,"http://maps.google.com/maps?q=11.188604,76.262534000000002"
