Name,Latitude,Longitude,Educational District,Educational Sub-District,Block Name,Level Name,Phone,School Code
GLPS Kizhisseri,11.176170000000001,75.997609999999995,Malappuram,Kizhisseri,Areacode,1 - 5,04832755520,18204
GLPS Kuzhimanna,11.17135,76.017949999999999,Malappuram,Kizhisseri,Areacode,1 - 4,9746531012,18205
GLPS Kuzhimanna II South,11.163180000000001,76.01003,Malappuram,Kizhisseri,Areacode,1 - 4,04832754044,18206
GLPS Parappur,11.208943,76.002116999999998,Malappuram,Kizhisseri,Kondotty,1 - 4,8943614992,18217
GLPS Parapurathparamba,11.236103999999999,76.008255000000005,Malappuram,Kizhisseri,Areacode,1 - 4,9072992729,18218
GLPS Parathakkad,11.179080000000001,75.970240000000004,Malappuram,Kizhisseri,Kondotty,1 - 4,7510355291,18219
GLPS Ponnad,11.224771,75.971170999999998,Malappuram,Kizhisseri,Areacode,1 - 4,9497014670,18220
GLPS Pulpatta,11.147410000000001,76.081680000000006,Malappuram,Kizhisseri,Areacode,1 - 4,04832821700,18222
GLPS Valamangalam,11.13874,76.056610000000006,Malappuram,Kizhisseri,Areacode,1 - 4,9400160543,18226
GLPS Vilayil,11.225429999999999,76.009919999999994,Malappuram,Kizhisseri,Areacode,1 - 4,9447842086,18228
GLPS Vilayil Parappur,11.218949,76.000930999999994,Malappuram,Kizhisseri,Areacode,1 - 4,9747113693,18230
GMLPS Pookalathur,11.157500000000001,76.056870000000004,Malappuram,Kizhisseri,Areacode,1 - 4,04832821331,18221
GMLPS Thavanur,11.194000000000001,75.989940000000004,Malappuram,Kizhisseri,Kondotty,1 - 4,04832756664,18223
GMUPS Kizhisseri,11.170070000000001,75.991380000000007,Malappuram,Kizhisseri,Areacode,1 - 7,04832754699,18235
GUPS Kadungallur,11.198359999999999,76.023830000000004,Malappuram,Kizhisseri,Areacode,1 - 7,9074126226,18234
G.H.S. Chaliyappuram,11.24727,75.978409999999997,Malappuram,Kondotty,Kondotty,1 -10,04832725410,18368
G.L.P.S. Arimbra Melmuri,11.106578000000001,76.024071000000006,Malappuram,Kondotty,Malappuram,1 - 4,04832770011,18305
G.L.P.S. Elamaram,11.250069999999999,75.958969999999994,Malappuram,Kondotty,Kondotty,1 - 4,9446411798,18311
G.L.P.S. Karad,11.20628,75.877409999999998,Malappuram,Kondotty,Kondotty,1 - 4,04832830128,18316
G.L.P.S. Morayur,11.13574,76.021100000000004,Malappuram,Kondotty,Malappuram,1 - 4,04832776010,18331
G.L.P.S. Mundumuzhi,11.24633,75.939149999999998,Malappuram,Kondotty,Kondotty,1 - 4,04832724599,18335
G.L.P.S. Nediyiruppu,11.1326,75.993110000000001,Malappuram,Kondotty,,1 - 5,04832713727,18338
G.L.P.S. Panikkarapuraya,11.24498,75.969719999999995,Malappuram,Kondotty,Kondotty,1 - 4,04832724188,18346
G.L.P.S. Paravoor,11.179209999999999,75.921899999999994,Malappuram,Kondotty,Kondotty,1 - 4,04832790187,18349
G.L.P.S. Puthucode,11.19074,75.882009999999994,Malappuram,Kondotty,Kondotty,1 - 4,,18352
G.L.P.S. Thadathilparamba,11.20271,75.951490000000007,Malappuram,Kondotty,Kondotty,1 - 4,9048505446,18354
G.L.P.S. Vettathur,11.256180000000001,75.989850000000004,Malappuram,Kondotty,Kondotty,1 - 4,9656634496,18362
G.M.L.P.S. Akkode,11.23451,75.914869999999993,Malappuram,Kondotty,Kondotty,1 - 4,9847369201,18301
G.M.L.P.S. Kanhiraparamba,11.14676,75.954620000000006,Malappuram,Kondotty,,1 - 4,9745473150,18315
G.M.L.P.S. Karippur,11.15096,75.940280000000001,Malappuram,Kondotty,Kondotty,1 - 4,,18318
G.M.L.P.S. Kondotty,11.14756,75.964979999999997,Malappuram,Kondotty,,1 - 4,9645122117,18323
G.M.L.P.S. Kondotty Chungam,11.144170000000001,75.968670000000003,Malappuram,Kondotty,,1 - 4,8086892530,18322
G.M.L.P.S. Kumminiparamba,11.13256,75.937299999999993,Malappuram,Kondotty,Kondotty,1 - 4,9656914514,18326
G.M.L.P.S. Mapprom,11.2591,75.968990000000005,Malappuram,Kondotty,Kondotty,1 - 4,9496408313,18329
G.M.L.P.S. Melangadi,11.142569999999999,75.960599999999999,Malappuram,Kondotty,,1 - 4,04832718080,18330
G.M.L.P.S. Morayur,11.133660000000001,76.015280000000004,Malappuram,Kondotty,Malappuram,1 - 4,04832776365,18332
G.M.L.P.S. Nediyiruppu,11.137528,75.983587,Malappuram,Kondotty,,1 - 4,9656775117,18339
G.M.L.P.S. Vazhayur,11.22444,75.887370000000004,Malappuram,Kondotty,Kondotty,1 - 4,7907924403,18360
G.M.U.P.S. Arimbra,11.115460000000001,76.018820000000005,Malappuram,Kondotty,Malappuram,1 - 7,04832771322,18365
G.M.U.P.S. Chirayil,11.12842,75.974770000000007,Malappuram,Kondotty,,1 - 7,04832714211,18373
G.M.U.P.S. Ozhukur,11.15409,76.01258,Malappuram,Kondotty,Malappuram,1 - 7,04832756611,18375
G.M.U.P.S. Vazhakkad,11.247210000000001,75.952299999999994,Malappuram,Kondotty,Kondotty,1 - 7,04832724750,18380
G.W.U.P.S. Nediyiruppu,11.107699999999999,75.997780000000006,Malappuram,Kondotty,,1 - 7,04832714900,18340
G.L.P.S. Kottakkal,10.99879,76.008150000000001,Malappuram,Malappuram,,1 - 4,04832744100,18436
G.L.P.S. Paranki Moochikkal,11.006385,76.041245000000004,Malappuram,Malappuram,Malappuram,1 - 4,04832705677,18440
G.M.L.P.S. Chappanangadi,11.004902,76.042617000000007,Malappuram,Malappuram,Malappuram,1 - 4,04832705466,18447
G.M.L.P.S. Kolmanna,11.050419,76.057563000000002,Malappuram,Malappuram,,1 - 4,9656241748,18449
G.M.L.P.S. Ponmala,11.028299000000001,76.0411,Malappuram,Malappuram,Malappuram,1 - 4,7012112932,18452
G.M.U.P.S. Kottakkal,10.999129999999999,76.00788,Malappuram,Malappuram,,1 - 7,04832744181,18473
G.U.P.S. Kottakkal,10.991759999999999,76.007819999999995,Malappuram,Malappuram,,1 - 7,04832745952,18475
G.U.P.S. Ponmala,10.983656999999999,76.067549999999997,Malappuram,Malappuram,Malappuram,1 - 7,04832753700,18477
G M L P S Mariyad,11.117290000000001,76.127866999999995,Malappuram,Manjeri,,1 - 4,9048447917,18535
G M L P S Pandallur,11.085445999999999,76.175403000000003,Malappuram,Manjeri,Malappuram,1 - 4,,18542
G U P S Pullur,11.123529,76.118215000000006,Malappuram,Manjeri,,1 - 7,04832764104,18574
G V H S S Nellikuth,11.097388,76.182277999999997,Malappuram,Manjeri,,1 - 12,8086921596,18028
G.G.H.S.S. Manjeri,11.120217999999999,76.118037999999999,Malappuram,Manjeri,,1 - 12,9037486580,18023
G.L.P.S. Arukizhaya,11.123877999999999,76.12379,Malappuram,Manjeri,,1 - 4,04832765650,18505
G.L.P.S. Chalippadam,11.21894,76.163261000000006,Malappuram,Manjeri,Areacode,1 - 4,9946486486,18506
G.L.P.S. Chembakuth,11.206241,76.149152999999998,Malappuram,Manjeri,Areacode,1 - 4,9074864605,18507
G.L.P.S. Cherankuth,11.142098000000001,76.156858,Malappuram,Manjeri,Wandoor,1 - 5,9744580831,18565
G.L.P.S. Cherukulam,11.130929999999999,76.179329999999993,Malappuram,Manjeri,Wandoor,1 - 4,,18508
G.L.P.S. Cheruvannur,11.143501000000001,76.190853000000004,Malappuram,Manjeri,Wandoor,1 - 4,04832709150,18510
G.L.P.S. Karuvambrum West,11.127181,76.101832000000002,Malappuram,Manjeri,,1 - 4,9526093591,18521
G.L.P.S. Kizhakkuparamba,11.075779000000001,76.189959999999999,Malappuram,Manjeri,Malappuram,1 - 4,9446802049,18524
G.L.P.S. Manjeri,11.116944,76.119939000000002,Malappuram,Manjeri,,1 - 4,04832762056,18532
G.L.P.S. Narukara,11.120787,76.096862999999999,Malappuram,Manjeri,,1 - 4,9048478360,18538
G.L.P.S. Pandallur,11.084432,76.166711000000006,Malappuram,Manjeri,Malappuram,1 - 4,9495414232,18541
G.L.P.S. Pookkuth,11.099745,76.261683000000005,Malappuram,Manjeri,Wandoor,1 - 5,,18568
G.L.P.S. Pulath,11.168240000000001,76.148619999999994,Malappuram,Manjeri,Wandoor,1 - 4,9746667326,18551
G.L.P.S. Ramankulam,11.124845000000001,76.111281000000005,Malappuram,Manjeri,,1 - 4,04832765350,18553
G.L.P.S. Theyyampadikuth,11.142160000000001,76.253545000000003,Malappuram,Manjeri,Wandoor,1 - 4,9497661688,18554
G.L.P.S. Thottupoyil,11.123352000000001,76.125459000000006,Malappuram,Manjeri,,1 - 4,8848831610,18555
G.L.P.S. Valarad,11.083769999999999,76.230474000000001,Malappuram,Manjeri,Wandoor,1 - 4,9946109130,18557
G.L.P.S. Vettikkattiri,11.095160999999999,76.213942000000003,Malappuram,Manjeri,Wandoor,1 - 4,9746545469,18563
G.M.L.P.S. Edavanna,11.216576,76.142188000000004,Malappuram,Manjeri,Areacode,1 - 4,04832702050,18514
G.M.L.P.S. Eranhikode,11.226293,76.157293999999993,Malappuram,Manjeri,Areacode,1 - 4,9946964676,18515
G.M.L.P.S. Karakunnu,11.169843999999999,76.131066000000004,Malappuram,Manjeri,Wandoor,1 - 4,9447275070,18517
G.M.L.P.S. Kidangazhi,11.122817,76.115369999999999,Malappuram,Manjeri,,1 - 4,9446338648,18523
G.M.L.P.S. Kodasseri,11.123438,76.233538999999993,Malappuram,Manjeri,Wandoor,1 - 4,04832785510,18525
G.M.L.P.S. Manhapatta,11.153943,76.151527999999999,Malappuram,Manjeri,Wandoor,1 - 4,04832709250,18529
G.M.L.P.S. Manjeri,11.119505999999999,76.121790000000004,Malappuram,Manjeri,,1 - 4,9746793800,18533
G.M.L.P.S. Manjeri East,11.121499,76.125117000000003,Malappuram,Manjeri,,1 - 4,,18531
G.M.L.P.S. Manjeri South,11.120905,76.126580000000004,Malappuram,Manjeri,,1 - 4,9447353792,18534
G.M.L.P.S. Nellikuth North,11.10863,76.182198,Malappuram,Manjeri,,1 - 4,9496844665,18539
G.M.L.P.S. Odompatta,11.122876,76.267975000000007,Malappuram,Manjeri,Wandoor,1 - 4,04931284090,18540
G.M.L.P.S. Pandikkad,11.097809,76.224314000000007,Malappuram,Manjeri,Wandoor,1 - 5,04832780150,18567
G.M.L.P.S. Pathappiriyam,11.199875,76.135464999999996,Malappuram,Manjeri,Areacode,1 - 4,00000000000,18548
G.M.U.P.S. Melakkam,11.122684,76.119386000000006,Malappuram,Manjeri,,1 - 7,04832765613,18576
G.U.P.S. Anakkayam,11.087859999999999,76.123410000000007,Malappuram,Manjeri,Malappuram,1 - 7,9846224586,18569
G.U.P.S. Elankur,11.161189,76.182627999999994,Malappuram,Manjeri,Wandoor,1 - 7,04832707864,18572
G.U.P.S. Manjeri,11.120277,76.115769,Malappuram,Manjeri,,1 - 7,08606033189,18575
G.U.P.S. Pathappiriyam,11.192845999999999,76.135081,Malappuram,Manjeri,Areacode,1 - 7,04832704604,18578
G.U.P.S. Veembur,11.119429,76.089153999999994,Malappuram,Manjeri,,1 - 7,9946770793,18583
G.U.P.S. Vettekkode,11.114443,76.123284999999996,Malappuram,Manjeri,,1 - 7,9048804260,18562
K.M Musthafa Memorial G.L.P.S. Mundengara,11.223765999999999,76.140821000000003,Malappuram,Manjeri,Areacode,1 - 5,04832700250,18566
G H S S Kadungapuram,10.98095,76.138319999999993,Malappuram,Mankada,Mankada,1 - 12,04933254270,18078
G L P S Chovana,10.989385,76.136606,Malappuram,Mankada,Mankada,1 - 4,9495123933,18607
G L P S Karkidakam,11.02328,76.168350000000004,Malappuram,Mankada,Mankada,1 - 4,8592893807,18612
G L P S Kuruva,11.007168999999999,76.113226999999995,Malappuram,Mankada,Mankada,1 - 4,04933281129,18616
G L P S Mankada,11.015470000000001,76.177199999999999,Malappuram,Mankada,Mankada,1 - 4,9946138919,18618
G L P S Meenarkuzhi,11.00891,76.105323999999996,Malappuram,Mankada,Mankada,1 - 4,9745201298,18634
G L P S Padinhattummuri,11.058809999999999,76.110720000000001,Malappuram,Mankada,Mankada,1 - 5,04933241425,18657
G L P S Palakaparambil,10.971170000000001,76.115290000000002,Malappuram,Mankada,Mankada,1 - 4,9747201826,18626
G L P S Pang,10.97204,76.102260000000001,Malappuram,Mankada,Mankada,1 - 4,04933242111,18628
G L P S Pooppalam Valambur,10.999484000000001,76.223164999999995,Malappuram,Mankada,Perinthalmanna,1 - 4,9249221302,18636
G L P S Pothukundu,11.01726,76.123609999999999,Malappuram,Mankada,Mankada,1 - 4,04933281620,18637
G L P S Puthanangadi,10.96752,76.188930999999997,Malappuram,Mankada,Perinthalmanna,1 - 4,04933253612,18640
G L P S Vallikkapatta,11.062340000000001,76.140559999999994,Malappuram,Mankada,Mankada,1 - 4,9400402188,18651
G L P S Vellila,11.04219,76.156059999999997,Malappuram,Mankada,Mankada,1 - 4,04933236120,18653
G M L P S Vadakkangara,11.017849999999999,76.150890000000004,Malappuram,Mankada,Mankada,1 - 4,04933284088,18645
G U P S Koottilangadi,11.034280000000001,76.104500000000002,Malappuram,Mankada,Mankada,1 - 7,6238971416,18660
G U P S Mankada Pallippuram,11.06096,76.127269999999996,Malappuram,Mankada,Mankada,1 - 7,04933241092,18664
Govt. U P School Pang,10.971880000000001,76.099789999999999,Malappuram,Mankada,Mankada,1 - 7,04933243765,18666
G H S Aliparamba,10.918934,76.312984,Malappuram,Perinthalmanna,Perinthalmanna,1 - 12,04933234214,18097
GLPS Arakkuparamba,10.99145,76.32638,Malappuram,Perinthalmanna,Perinthalmanna,1 - 4,04933233800,18705
GLPS Kappumugham,10.96044,76.286339999999996,Malappuram,Perinthalmanna,Perinthalmanna,1 - 4,04933250025,18717
GLPS Kunnakkavu,10.904719999999999,76.247429999999994,Malappuram,Perinthalmanna,Perinthalmanna,1 - 4,04933230140,18716
GLPS Pallikunnu,10.998710000000001,76.320369999999997,Malappuram,Perinthalmanna,Perinthalmanna,1 - 4,04933233700,18725
GLPS Parakkalmukku,10.915345,76.235166000000007,Malappuram,Perinthalmanna,Perinthalmanna,1 - 4,9605318771,18728
GLPS Perinthalmanna East,10.971887000000001,76.232647,Malappuram,Perinthalmanna,,1 - 4,7025297710,18731
GMLPS Kakkooth,10.983306000000001,76.224637999999999,Malappuram,Perinthalmanna,,1 - 4,04933220310,18715
GMLPS Muthiramanna,10.95579,76.296890000000005,Malappuram,Perinthalmanna,Perinthalmanna,1 - 4,9605727576,18723
GMLPS Perinthalmanna Central,10.978076,76.226290000000006,Malappuram,Perinthalmanna,,1 - 4,9400730787,18730
GMLPS Puthur,10.987310000000001,76.349230000000006,Malappuram,Perinthalmanna,Perinthalmanna,1 - 4,04933216411,18736
GMLPS Thazhekode,10.956950000000001,76.304810000000003,Malappuram,Perinthalmanna,Perinthalmanna,1 - 4,04933250459,18737
GMLPS Thootha,10.918799999999999,76.286789999999996,Malappuram,Perinthalmanna,Perinthalmanna,1 - 4,,18739
GMUPS Valapuram,10.921364000000001,76.165784000000002,Malappuram,Perinthalmanna,Perinthalmanna,1 - 7,9495454253,18758
G. F. L. P. S. Parappanangadi,11.070636,75.847279,Thirurangadi,Parappanangadi,,1 - 4,04942940357,19408
G. H. S. Trikkulam,11.04218,75.909440000000004,Thirurangadi,Parappanangadi,,1 -10,04942460655,19451
G. L .P. S. Melodiparamba,11.106254,75.904889999999995,Thirurangadi,Parappanangadi,Tirurangadi,1 - 4,9526903832,19430
G. L. P. S. Anappadi,11.075530000000001,75.856470000000002,Thirurangadi,Parappanangadi,Tirurangadi,1 - 4,9744259107,19401
G. L. P. S. Parappanangadi,11.069179999999999,75.853639999999999,Thirurangadi,Parappanangadi,,1 - 5,04942411144,19433
G. L. P. S. Thirurangadi,11.044321,75.923696000000007,Thirurangadi,Parappanangadi,,1 - 4,04942460922,19414
G. L. P. S. Venniyur,11.014938000000001,75.938958999999997,Thirurangadi,Parappanangadi,,1 - 4,04942480096,19417
G. M. L. P. S. Parappanangadi,11.060829,75.849040000000002,Thirurangadi,Parappanangadi,,1 - 4,04942940328,19432
G. M. L. P. S. Parappanangadi Town,11.04823,75.85857,Thirurangadi,Parappanangadi,Tirurangadi,1 - 5,04942410265,19434
G. M. L. P. S. Thirurangadi,11.035572,75.926975999999996,Thirurangadi,Parappanangadi,,1 - 4,,19412
G. M. L. P. S. Velimukku,11.099083,75.894570000000002,Thirurangadi,Parappanangadi,Tirurangadi,1 - 5,9048329674,19436
G. M. U. P. S. Kakkad,11.035220000000001,75.938239999999993,Thirurangadi,Parappanangadi,,1 - 7,,19441
G. M. U. P. S. Puthan Kadappuram,11.049709999999999,75.851470000000006,Thirurangadi,Parappanangadi,,1 - 7,9747012322,19410
G. M. U. P. S. Venniyur,11.015067,75.953727000000001,Thirurangadi,Parappanangadi,,1 - 7,9947050306,19453
G. W. U. P. S. Trikkulam,11.04346,75.901430000000005,Thirurangadi,Parappanangadi,,1 - 7,04942465200,19449
A. M. L. P. S. Kormanthala,10.987159999999999,75.867883000000006,Thirurangadi,Tanur,,1 - 4,9495070849,19636
G H S Meenadathur,10.942207,75.910048000000003,Thirurangadi,Tanur,Tanur,1 -10,04942584020,19671
G. H. S. S. Kattilangadi,10.97254,75.891819999999996,Thirurangadi,Tanur,,1 - 12,04942441085,19024
G. H. S. S. Ponmundam,10.957122999999999,75.956855000000004,Thirurangadi,Tanur,Tanur,1 - 12,04942588686,19119
G. L. P. S. K.Puram,10.95149,75.897909999999996,Thirurangadi,Tanur,Tanur,1 - 5,04942445040,19660
G. L. P. S. Kanmanam,10.906295999999999,75.982984999999999,Thirurangadi,Tanur,Tanur,1 - 4,04942548698,19613
G. L. P. S. Klari West,10.98592,75.967969999999994,Thirurangadi,Tanur,Tanur,1 - 4,9400172760,19611
G. L. P. S. Nannambra,10.995660000000001,75.909589999999994,Thirurangadi,Tanur,Tirurangadi,1 - 4,04942480710,19622
G. L. P. S. Ozhur,10.965999999999999,75.906109999999998,Thirurangadi,Tanur,Tanur,1 - 5,9562313328,19662
G. L. P. S. Pariyapuram,11.002219999999999,75.873840000000001,Thirurangadi,Tanur,,1 - 5,04942441133,19663
G. L. P. S. Rayirimangalam,10.99357,75.873099999999994,Thirurangadi,Tanur,,1 - 4,04942441940,19629
G. L. P. S. Rayirimangalam East,10.990608999999999,75.877506999999994,Thirurangadi,Tanur,,1 - 4,9446388965,19635
G. L. P. S. Tanur,10.974337,75.879199999999997,Thirurangadi,Tanur,,1 - 5,2440320,19664
G. M. L. P. S. Cherumukku,11.02253,75.924350000000004,Thirurangadi,Tanur,Tirurangadi,1 - 4,04942483599,19602
G. M. L. P. S. Cheruvannur,10.928094,75.973060000000004,Thirurangadi,Tanur,Tanur,1 - 4,04942546096,19605
G. M. L. P. S. Edakadappuram,10.96927,75.872743,Thirurangadi,Tanur,Tanur,1 - 4,04942444068,19607
G. M. L. P. S. Iringavoor,10.93993,75.939520000000002,Thirurangadi,Tanur,Tanur,1 - 4,04942585000,19609
G. M. L. P. S. Korad,10.98109,75.914010000000005,Thirurangadi,Tanur,Tanur,1 - 4,04942583350,19616
G. M. L. P. S. Kuttippala,10.966749999999999,75.961110000000005,Thirurangadi,Tanur,Tanur,1 - 5,,19661
G. M. L. P. S. Manalipuzha,10.990460000000001,75.925619999999995,Thirurangadi,Tanur,Tanur,1 - 4,9946368230,19619
G. M. L. P. S. Panangattur,10.990209999999999,75.897379999999998,Thirurangadi,Tanur,,1 - 4,9605115089,19624
G. M. L. P. S. Parapputhadam,10.934659999999999,75.947249999999997,Thirurangadi,Tanur,Tanur,1 - 4,04942588284,19626
G. M. L. P. S. Ponmundam South,10.948919999999999,75.950950000000006,Thirurangadi,Tanur,Tanur,1 - 4,04942585058,19631
G. M. L. P. S. Puthiyakadppuram North,10.950653000000001,75.877138000000002,Thirurangadi,Tanur,,1 - 4,04942444241,19633
G. M. L. P. S. Rayirimangalam,10.980980000000001,75.876930000000002,Thirurangadi,Tanur,,1 - 4,04942440899,19637
G. M. L. P. S. Tanur North,10.98312,75.869812999999994,Thirurangadi,Tanur,,1 - 4,04942443361,19640
G. M. L. P. S. Thalakadathur,10.939,75.937460000000002,Thirurangadi,Tanur,Tanur,1 - 4,04942587160,19642
G. M. L. P. S. Thiruthy,11.016109999999999,75.900440000000003,Thirurangadi,Tanur,Tirurangadi,1 - 4,04942480014,19644
G. M. L. P. S. Valavannur,10.958043,75.976714000000001,Thirurangadi,Tanur,Tanur,1 - 4,04942549080,19646
G. M. U. P. S. Kodinhi,11.01703,75.910719999999998,Thirurangadi,Tanur,Tirurangadi,1 - 7,04942482735,19669
G. M. U. P. S. Tanur Town,10.97752,75.871183000000002,Thirurangadi,Tanur,,1 - 7,04942445170,19673
G. U. P. S. Karingappara,10.9862,75.942490000000006,Thirurangadi,Tanur,Tanur,1 - 7,04942489151,19667
CHAKKEERI AHAMMED KUTTY MEMORIAL G.M.U.P.S.CHERUR,11.068300000000001,75.985929999999996,Thirurangadi,Vengara,Vengara,1 - 7,04942454056,19862
G H S Kuruka,11.03964,75.968620000000001,Thirurangadi,Vengara,Vengara,1 -10,04942454244,19868
G L P S Othukkungal,11.02562,76.026409999999998,Thirurangadi,Vengara,Malappuram,1 - 4,9645212970,19820
G M L P S Karathode,11.063008999999999,76.013634999999994,Thirurangadi,Vengara,Vengara,1 - 4,04832836171,19828
G U P S Cholakundu,11.01839,75.985020000000006,Thirurangadi,Vengara,Vengara,1 - 7,04832750123,19863
GHS Kolappuram,11.05608,75.935000000000002,Thirurangadi,Vengara,Vengara,1 -10,9744249304,19867
GHSS Peruvallur,11.105309999999999,75.924660000000003,Thirurangadi,Vengara,Tirurangadi,1 - 12,04942434701,19073
GHSS Puthuparamba,11.02323,75.970619999999997,Thirurangadi,Vengara,Vengara,1 - 12,04832750430,19077
GLPS Kannamangalam,11.076840000000001,75.969650000000001,Thirurangadi,Vengara,Vengara,1 - 4,04942493810,19810
GLPS Klari,10.987310000000001,75.984579999999994,Thirurangadi,Vengara,Vengara,1 - 4,04832750460,19812
GLPS Kodalikundu,11.060510000000001,76.002499999999998,Thirurangadi,Vengara,Vengara,1 - 4,04942450044,19818
GLPS Nottappuram,11.063656999999999,75.974143999999995,Thirurangadi,Vengara,Vengara,1 - 4,04942490204,19826
GLPS Olakara,11.083855,75.930001000000004,Thirurangadi,Vengara,Tirurangadi,1 - 4,9497843083,19833
GLPS Orakam Kizhumuri,11.052021,75.993125000000006,Thirurangadi,Vengara,Vengara,1 - 5,9847510030,19855
GLPS Orakam Melmuri,11.063756,76.031395000000003,Thirurangadi,Vengara,Vengara,1 - 4,04942455815,19830
GLPS Peruvallur,11.11383,75.925210000000007,Thirurangadi,Vengara,Tirurangadi,1 - 4,9446882907,19836
GLPS Pukayur,11.073853,75.914429999999996,Thirurangadi,Vengara,Vengara,1 - 4,04942460464,19840
GLPS Thattancherimala,11.045565,75.945858000000001,Thirurangadi,Vengara,Vengara,1 - 4,9747396232,19841
GMLPS C.U. Campus,11.130990000000001,75.891859999999994,Thirurangadi,Vengara,Tirurangadi,1 - 4,04942401211,19805
GMLPS Cherukunnu,11.012736,76.011487000000002,Thirurangadi,Vengara,Malappuram,1 - 4,9947098491,19804
GMLPS Cherur,11.073861000000001,75.985242,Thirurangadi,Vengara,Vengara,1 - 4,04832450556,19802
GMLPS Edakkaparamba,11.0863,75.966750000000005,Thirurangadi,Vengara,Vengara,1 - 4,04942491114,19808
GMLPS Iringallur,11.02338,76.007080000000002,Thirurangadi,Vengara,Vengara,1 - 4,04832838583,19809
GMLPS Kilinakode,11.07687,76.000529999999998,Thirurangadi,Vengara,Vengara,1 - 4,04942450042,19814
GMLPS Koomanna,11.087400000000001,75.913550000000001,Thirurangadi,Vengara,Tirurangadi,1 - 4,04942434006,19816
GMLPS Koyappa,11.121880000000001,75.89622,Thirurangadi,Vengara,Tirurangadi,1 - 5,04942400060,19853
GMLPS Mampuram,11.056100000000001,75.920419999999993,Thirurangadi,Vengara,Vengara,1 - 4,9847635365,19822
GMLPS Orakam Kizhmuri,11.050383,76.011311000000006,Thirurangadi,Vengara,Vengara,1 - 4,9495531052,19824
GMLPS Puthur,11.0036,76.015240000000006,Thirurangadi,Vengara,Malappuram,1 - 4,9446352439,19838
GMUPS Kannamangalam,11.07803,75.975560000000002,Thirurangadi,Vengara,Vengara,1 - 7,04942490330,19864
GMVHSS Vengara Town,11.049436,75.977941000000001,Thirurangadi,Vengara,Vengara,1 - 12,04942451677,19014
GUPS AR Nagar,11.071719999999999,75.947029999999998,Thirurangadi,Vengara,Vengara,1 - 7,04942493261,19859
GUPS Klari,10.99273,75.979870000000005,Thirurangadi,Vengara,Vengara,1 - 7,04832751431,19866
GUPS Thenhippalam,11.12959,75.871619999999993,Thirurangadi,Vengara,Tirurangadi,1 - 7,04942400188,19871
GUPS Valiyora,11.048730000000001,75.949709999999996,Thirurangadi,Vengara,Vengara,1 - 7,04942459817,19872
G. B. L. P. S. Mudur,10.804169999999999,76.026449999999997,Tirur,Edappal,Ponnani,1 - 4,04942698650,19216
G. H. S. S. Kadanchery,10.825850000000001,75.987629999999996,Tirur,Edappal,Ponnani,1 - 12,04942687606,19034
G. H. W. L. P. S. Maravancheri,10.831856,75.997435999999993,Tirur,Edappal,Ponnani,1 - 5,8129397857,19244
G. J. B. S. Vattamkulam,10.785135,76.015860000000004,Tirur,Edappal,Ponnani,1 - 4,04942680633,19235
G. L. P. S. Chiyanur,10.738329999999999,76.030299999999997,Tirur,Edappal,Perumpadappa,1 - 4,9946681732,19205
G. L. P. S. Edappal,10.788449999999999,75.996279999999999,Tirur,Edappal,Ponnani,1 - 4,,19206
G. L. P. S. Kaladi,10.81377,76.012960000000007,Tirur,Edappal,Ponnani,1 - 4,,19208
G. L. P. S. Mookkuthala,10.73319,76.012439999999998,Tirur,Edappal,Perumpadappa,1 - 4,,19214
G. L. P. S. Nariparamba,10.815314000000001,75.964247,Tirur,Edappal,Ponnani,1 - 4,00000000000,19218
G. L. P. S. Perumparamba,10.801500000000001,75.995469999999997,Tirur,Edappal,Ponnani,1 - 4,04942681247,19222
G. L. P. S. Polpakkara,10.792126,75.985551999999998,Tirur,Edappal,Ponnani,1 - 4,9048611913,19223
G. L. P. S. Sukapuram,10.773210000000001,76.014939999999996,Tirur,Edappal,Ponnani,1 - 4,04942684750,19225
G. L. P. S. Thrikkanapuram,10.839665999999999,75.988632999999993,Tirur,Edappal,Ponnani,1 - 4,9447923828,19229
G. L. P. S. Thuyyam,10.78511,75.984250000000003,Tirur,Edappal,Ponnani,1 - 4,9539765670,19227
G. M. L. P. S. Pallikara,10.727149000000001,76.029347999999999,Tirur,Edappal,Perumpadappa,1 - 4,04942650235,19220
G. M. L. P. S. Vadakkummuri,10.737365,76.010026999999994,Tirur,Edappal,Perumpadappa,1 - 4,04942653730,19233
G. M. U. P. S. Edappal,10.78435,76.001549999999995,Tirur,Edappal,Ponnani,1 - 7,04942685703,19246
G. U. P. S. Kololamba,10.782252,75.947046,Tirur,Edappal,Ponnani,1 - 7,04942689160,19249
G. U. P. S. Othalur,10.71227,76.047499999999999,Tirur,Edappal,Perumpadappa,1 - 7,914942083166,19251
G. U. P. S. Pothanur,10.821579,75.984728000000004,Tirur,Edappal,Ponnani,1 - 7,7592930816,19253
G.H. S. S. Kokkur,10.730907,76.060524999999998,Tirur,Edappal,Perumpadappa,1 - 12,04942945148,19063
Govt L.P.School Kololomba,10.759359999999999,75.995090000000005,Tirur,Edappal,Ponnani,1 - 5,9747749954,19243
K. M. G. U. P. S. Thavanur,10.85258,75.983819999999994,Tirur,Edappal,Ponnani,1 - 7,04942686099,19254
Padikkal KalyaniAMMA Memorial G L P S Kallurma,10.712870000000001,76.017790000000005,Tirur,Edappal,Perumpadappa,1 - 4,9497658218,19210
Uliyathu Aboobacker Memmorial  G. L. P. S. Vadakkummuri,10.72425,75.999780000000001,Tirur,Edappal,Perumpadappa,1 - 4,04942656899,19231
G. H. S. Athavanad,10.897069999999999,76.023139999999998,Tirur,Kuttippuram,Kuttippuram,1 -10,04942572050,19357
G. H. S. S. Perassannur,10.852320000000001,76.067660000000004,Tirur,Kuttippuram,Kuttippuram,1 - 12,04942609519,19042
G. L. P. S. Athippetta,10.905290000000001,76.111949999999993,Tirur,Kuttippuram,Kuttippuram,1 - 4,,19301
G. L. P. S. Chellur,10.86938,76.042339999999996,Tirur,Kuttippuram,Kuttippuram,1 - 4,,19306
G. L. P. S. Cheruparamba,10.94788,76.025130000000004,Tirur,Kuttippuram,Kuttippuram,1 - 4,9846206327,19308
G. L. P. S. Chottur,10.9161,76.039640000000006,Tirur,Kuttippuram,Kuttippuram,1 - 4,04942616251,19310
G. L. P. S. Kalpakancheri,10.93859,75.976789999999994,Tirur,Kuttippuram,Kuttippuram,1 - 4,04942543848,19317
G. L. P. S. Karaikkad,10.926926,76.055676000000005,Tirur,Kuttippuram,Kuttippuram,1 - 4,9846556836,19319
G. L. P. S. Kattilangadi,10.89922,76.011259999999993,Tirur,Kuttippuram,Kuttippuram,1 - 4,04942571998,19321
G. L. P. S. Kattipparuthi,10.88288,76.057500000000005,Tirur,Kuttippuram,,1 - 4,9846554094,19322
G. L. P. S. Kulakkad,10.851369,76.040909999999997,Tirur,Kuttippuram,Kuttippuram,1 - 4,9746129200,19327
G. L. P. S. Kuttippuram,10.845313000000001,76.035837000000001,Tirur,Kuttippuram,Kuttippuram,1 - 4,9446546806,19329
G. L. P. S. Kuttippuram North,10.85369,76.037729999999996,Tirur,Kuttippuram,Kuttippuram,1 - 4,04942609986,19331
G. L. P. S. Maniyankad,10.87679,75.996650000000002,Tirur,Kuttippuram,Kuttippuram,1 - 4,9846677715,19333
G. L. P. S. Mankeri,10.853540000000001,76.082049999999995,Tirur,Kuttippuram,Kuttippuram,1 - 4,04942621453,19335
G. L. P. S. Melmuri,10.96109,76.025480000000002,Tirur,Kuttippuram,Kuttippuram,1 - 4,9745993924,19337
G. L. P. S. Naduvattam,10.88021,76.008750000000006,Tirur,Kuttippuram,Kuttippuram,1 - 4,9496584239,19339
G. L. P. S. Perumparamba Moodal,10.870200000000001,76.046589999999995,Tirur,Kuttippuram,Kuttippuram,1 - 4,9495160560,19345
G. L. P. S. Vadakkumbram,10.947849,76.077233000000007,Tirur,Kuttippuram,Kuttippuram,1 - 4,9895604085,19348
G. M. H. S. Karippole,10.9222,76.030100000000004,Tirur,Kuttippuram,Kuttippuram,1 -10,9633676962,19359
G. M. L. P. S. Ayirani,10.93784,75.987620000000007,Tirur,Kuttippuram,Kuttippuram,1 - 4,9446680877,19304
G. M. L. P. S. Kallarmangalam,10.94542,76.029880000000006,Tirur,Kuttippuram,Kuttippuram,1 - 4,,19313
G. M. L. P. S. Kalpakancheri,10.946999999999999,75.998639999999995,Tirur,Kuttippuram,Kuttippuram,1 - 4,7902279972,19315
G. M. L. P. S. Kanancheri,10.949199999999999,76.00376,Tirur,Kuttippuram,Kuttippuram,1 - 4,04942941610,19324
G. M. L. P. S. Manhachola,10.9421,75.993979999999993,Tirur,Kuttippuram,Kuttippuram,1 - 4,2610200,19332
G. M. L. P. S. Parappuram,10.955848,76.000038000000004,Tirur,Kuttippuram,Kuttippuram,1 - 4,9188831751,19341
G. M. L. P. S. Paravannur,10.927588,75.991884999999996,Tirur,Kuttippuram,Tanur,1 - 4,04942544151,19343
G. M. L. P. S. Valancheri,10.883929999999999,76.068420000000003,Tirur,Kuttippuram,,1 - 4,04942643250,19350
G. U. P. S. Koodasseri,10.91525,76.006799999999998,Tirur,Kuttippuram,Kuttippuram,1 - 7,,19363
G. U. P. S. Painkannur,10.87406,76.064099999999996,Tirur,Kuttippuram,,1 - 7,,19364
G. U. P. S. Randathani,10.96144,76.00752,Tirur,Kuttippuram,Kuttippuram,1 - 7,8589081947,19365
G. W. L. P. S. Irimbliyam,10.857390000000001,76.093389999999999,Tirur,Kuttippuram,Kuttippuram,1 - 4,9447376755,19312
G. F. L. P. S. Ponnani,10.74474,75.934209999999993,Tirur,Ponnani,,1 - 4,04942562786,19506
G. F. L. P. S. Puthuponnani,10.778658,75.919522000000001,Tirur,Ponnani,,1 - 5,04942663760,19535
G. F. L. P. S. Veliyancode,10.720421999999999,75.943877999999998,Tirur,Ponnani,Perumpadappa,1 - 5,04942679760,19536
G. F. U. P. S. Kadavanad,10.754025,75.941540000000003,Tirur,Ponnani,,1 - 7,04942664450,19544
G. F. U. P. S. Palapetty,10.703471,75.952635000000001,Tirur,Ponnani,Perumpadappa,1 - 7,04942678541,19541
G. H. S. S. Maranchery,10.74075,75.970830000000007,Tirur,Ponnani,Perumpadappa,1 - 12,04942671516,19054
G. H. S. S. Trikkavu,10.778978,75.931123999999997,Tirur,Ponnani,,1 - 12,04942669580,19045
G. L. P. S. Kanhiramukku,10.758710000000001,75.966890000000006,Tirur,Ponnani,Perumpadappa,1 - 5,9846288441,19533
G. L. P. S. Veliyancode Gramam,10.715579999999999,75.959999999999994,Tirur,Ponnani,Perumpadappa,1 - 4,9846456575,19516
G. L. P. S. Velleri,10.783647999999999,75.931890999999993,Tirur,Ponnani,,1 - 5,04942664480,19537
G. M. L. P. S. Ponnani Town,10.775853,75.922212999999999,Tirur,Ponnani,,1 - 4,9446541189,19507
G. M. L. P. S. Veliyancode,10.748939999999999,75.946814000000003,Tirur,Ponnani,Perumpadappa,1 - 4,04942672060,19519
G. M. U. P. S. Veliyancode South,10.725479999999999,75.952569999999994,Tirur,Ponnani,Perumpadappa,1 - 7,04942677289,19543
G. U. P. S. Cheruvayikkara,10.789099999999999,75.963610000000003,Tirur,Ponnani,,1 - 7,2664420,19539
G. M. L. P. S. Kuttayi North,10.849138,75.901949000000002,Tirur,Tirur,Tirur,1 - 4,04942631615,19713
G. M. L. P. S. Mangalam,10.854956,75.920975999999996,Tirur,Tirur,Tirur,1 - 4,04942569400,19719
G. M. L. P. S. Muttannur,10.83277,75.914959999999994,Tirur,Tirur,Tirur,1 - 4,9496459076,19723
G. M. L. P. S. Vettam Pallippuram,10.82254,75.951260000000005,Tirur,Tirur,Tirur,1 - 4,04942561100,19740
G. M. U. P. S. Edakkanad,10.823370000000001,75.920150000000007,Tirur,Tirur,Tirur,1 - 7,04942562492,19774
G. M. U. P. S. Paravanna,10.900722,75.892309999999995,Tirur,Tirur,Tirur,1 - 7,9846190709,19781
G. U. P. S. Purathupadinjarekkara,10.809760000000001,75.90925,Tirur,Tirur,Tirur,1 - 7,9497344062,19777
G. U. P. S. Purathur,10.804169999999999,75.921819999999997,Tirur,Tirur,Tirur,1 - 7,04942563278,19775
G. W. L. P. S. Purathur,10.80058,75.919460000000001,Tirur,Tirur,Tirur,1 - 5,04942563087,19765
G L P S Chengara,11.175789999999999,76.079639999999998,Wandoor,Areacode,Areacode,1 - 4,8589858943,48205
G L P S Pathanapuram,11.24532,76.044589999999999,Wandoor,Areacode,Areacode,1 - 4,04832851625,48221
G U P S Odakkayam,11.274431,76.128996999999998,Wandoor,Areacode,Areacode,1 - 7,8921529503,48245
GLPS Chemrakattur,11.20933,76.039609999999996,Wandoor,Areacode,Areacode,1 - 4,9946889792,48203
GLPS Kavanur,11.197194,76.055282000000005,Wandoor,Areacode,Areacode,1 - 4,9447393447,48210
GLPS Kizhuparamba South,11.243869999999999,76.012810000000002,Wandoor,Areacode,Areacode,1 - 4,,48213
GLPS Kozhakottur,11.22002,76.045389999999998,Wandoor,Areacode,Areacode,1 - 4,04832851450,48214
GLPS Kuniyil,11.25558,76.019379999999998,Wandoor,Areacode,Areacode,1 - 4,9745678386,48215
GLPS Kuniyil South,11.24197,76.021060000000006,Wandoor,Areacode,Areacode,1 - 4,04832858255,48216
GLPS Kuthuparamba,11.228630000000001,76.078739999999996,Wandoor,Areacode,Areacode,1 - 4,04832844048,48217
GLPS Palappatta,11.213015,76.120174000000006,Wandoor,Areacode,Areacode,1 - 4,04832944250,48219
GLPS Pavanna,11.2204,76.098439999999997,Wandoor,Areacode,Areacode,1 - 4,9544759072,48222
GLPS Thachanna,11.240600000000001,76.070769999999996,Wandoor,Areacode,Areacode,1 - 4,04832844692,48225
GLPS Thavarapparamba,11.189738999999999,76.048508999999996,Wandoor,Areacode,Areacode,1 - 4,04832862540,48226
GLPS Thencheri,11.23171,76.092920000000007,Wandoor,Areacode,Areacode,1 - 4,04832845688,48227
GMLPS Areacode West,11.239179999999999,76.048716999999996,Wandoor,Areacode,Areacode,1 - 4,8547791251,48202
GMLPS Kizhuparamba,11.24977,76.013469999999998,Wandoor,Areacode,Areacode,1 - 4,04832858160,48212
GMLPS Puthalam,11.226101,76.054243,Wandoor,Areacode,Areacode,1 - 4,,48224
GMUPS Areacode,11.236520000000001,76.051820000000006,Wandoor,Areacode,Areacode,1 - 7,04832851655,48237
GMUPS Mundambra,11.225390000000001,76.027619999999999,Wandoor,Areacode,Areacode,1 - 7,9048109132,48244
GUPS Chundathumpoyil,11.282532,76.067240999999996,Wandoor,Areacode,Areacode,1 - 7,2759378,48238
GUPS Maithra,11.228009999999999,76.063810000000004,Wandoor,Areacode,Areacode,1 - 7,04832844886,48242
GUPS Moorkanad,11.24091,76.057479999999998,Wandoor,Areacode,Areacode,1 - 7,04832844755,48243
G.L.P.S. Chemmaniyode,11.04589,76.282700000000006,Wandoor,Melattur,Perinthalmanna,1 - 5,04933278490,48330
G.L.P.S. Cheriparamba,11.06386,76.326040000000006,Wandoor,Melattur,Kalikavu,1 - 4,6235701138,48304
G.L.P.S. Edappatta,11.08461,76.276650000000004,Wandoor,Melattur,Kalikavu,1 - 4,9539218900,48339
G.L.P.S. Kara,11.00977,76.322090000000003,Wandoor,Melattur,Perinthalmanna,1 - 4,9288907728,48309
G.L.P.S. Kizhakkumpadam,11.07034,76.286550000000005,Wandoor,Melattur,Perinthalmanna,1 - 4,9495744721,48310
G.L.P.S. Kombamkallu,11.051583000000001,76.304586999999998,Wandoor,Melattur,Kalikavu,1 - 4,9447938447,48320
G.L.P.S. Melkulangara,11.01389,76.265709999999999,Wandoor,Melattur,Perinthalmanna,1 - 4,,48315
G.L.P.S. Pathirikode,11.067909999999999,76.303319999999999,Wandoor,Melattur,Kalikavu,1 - 4,04933279944,48319
G.L.P.S. Pattikkad,11.01924,76.235659999999996,Wandoor,Melattur,Perinthalmanna,1 - 4,,48321
G.L.P.S. Pezhumthara,11.05796,76.289900000000003,Wandoor,Melattur,Kalikavu,1 - 4,9497627954,48323
G.L.P.S. Thelakkad,11.022919999999999,76.258080000000007,Wandoor,Melattur,Perinthalmanna,1 - 4,9446511480,48328
G.L.P.S. Valayapuram,11.045030000000001,76.273420000000002,Wandoor,Melattur,Perinthalmanna,1 - 4,9497206784,48329
G.M.L.P.S. Nenmini,11.053459999999999,76.209400000000002,Wandoor,Melattur,Perinthalmanna,1 - 4,09446355685,48317
G.M.L.P.S. Pallikuth,11.015280000000001,76.229590000000002,Wandoor,Melattur,Perinthalmanna,1 - 4,04933235880,48318
G.M.U.P.S. Oravambram,11.082140000000001,76.216650000000001,Wandoor,Melattur,Perinthalmanna,1 - 7,04832784939,48333
M.P.G.L.P.S. Puthanpally,11.03177,76.280019999999993,Wandoor,Melattur,Perinthalmanna,1 - 4,9497659670,48326
Edivanna Estate GLPS,11.31663,76.204279999999997,Wandoor,Nilambur,Nilambur,1 - 4,04931208120,48410
Eranhimangad GUPS,11.306609999999999,76.210189999999997,Wandoor,Nilambur,Nilambur,1 - 7,04931206055,48455
GLPS Chungathara Panchayath,11.352719,76.265172000000007,Wandoor,Nilambur,Nilambur,1 - 4,04931232233,48408
GLPS Kattumunda East,11.234498,76.208360999999996,Wandoor,Nilambur,Wandoor,1 - 4,9497345025,48414
GLPS Meppadam,11.229179999999999,76.181820000000002,Wandoor,Nilambur,Wandoor,1 - 4,9447354851,48423
GMLPS Nilambur,11.284931,76.237480000000005,Wandoor,Nilambur,,1 - 4,04931225575,48431
GMLPS Panthalingal,11.22118,76.198030000000003,Wandoor,Nilambur,Wandoor,1 - 4,9497873961,48413
Konamunda GLPS,11.323219999999999,76.218609999999998,Wandoor,Nilambur,Nilambur,1 - 4,9496807317,48416
Mampad North GMLPS,11.247311,76.180296999999996,Wandoor,Nilambur,Wandoor,1 - 4,04931201600,48420
Mooleppadam GLPS,11.322229999999999,76.192520000000002,Wandoor,Nilambur,Nilambur,1 - 4,9946889594,48425
Myladi GUPS,11.304320000000001,76.231290000000001,Wandoor,Nilambur,Nilambur,1 - 7,04931206800,48463
Naduvakkad GLPS,11.24277,76.191029999999998,Wandoor,Nilambur,Wandoor,1 - 4,9048135369,48429
Nilambur GMUPS,11.275869999999999,76.222939999999994,Wandoor,Nilambur,,1 - 7,04931220410,48466
Perumbathur GLPS,11.347239999999999,76.215090000000004,Wandoor,Nilambur,Nilambur,1 - 4,,48437
Pullippadam GLPS,11.24638,76.170119999999997,Wandoor,Nilambur,Wandoor,1 - 4,,48441
Vadapuram GMLPS,11.258115999999999,76.202820000000003,Wandoor,Nilambur,Wandoor,1 - 4,,48445
Valanthode GTLPS,11.3254,76.192359999999994,Wandoor,Nilambur,Nilambur,1 - 4,8086596554,48446
Veettikuth GLPS,11.274050000000001,76.228769999999997,Wandoor,Nilambur,,1 - 4,04931224269,48448
Adakkakundu GLPS,11.163786,76.347607999999994,Wandoor,Wandoor,Kalikavu,1 - 4,04931258285,48501
Akkarakulam GLPS,11.12351,76.292331000000004,Wandoor,Wandoor,Kalikavu,1 - 4,04931284800,48502
Amapoyil GLPS,11.161726,76.308576000000002,Wandoor,Wandoor,Kalikavu,1 - 4,04931259766,48504
Chadangamkulam GLPS,11.217015999999999,76.221098999999995,Wandoor,Wandoor,Wandoor,1 - 5,04931245115,48545
Chokkad GMUPS,11.22275,76.334069999999997,Wandoor,Wandoor,Kalikavu,1 - 7,04931260105,48551
Chokkad Girijan Colony GLPS,11.235471,76.355497999999997,Wandoor,Wandoor,Kalikavu,1 - 4,9747635304,48510
G G V H S S Wandoor,11.19562,76.234258999999994,Wandoor,Wandoor,Wandoor,1 - 12,04931247670,48049
G H S Neelanchery,11.145257000000001,76.322665999999998,Wandoor,Wandoor,Kalikavu,1 -10,04931280060,48558
G.H.S Anchachavadi,11.186529999999999,76.290570000000002,Wandoor,Wandoor,Kalikavu,1 -10,04931257009,48549
Kalikavu Bazar G M U P S,11.1686,76.326620000000005,Wandoor,Wandoor,Kalikavu,1 - 7,04931259301,48553
Kallamoola GLPS,11.21466,76.337699999999998,Wandoor,Wandoor,Kalikavu,1 - 4,,48512
Karuvarakundu GLPS,11.112712999999999,76.327713000000003,Wandoor,Wandoor,Kalikavu,1 - 4,04931280044,48513
Kizhakkethala GLPS,11.124123000000001,76.341958000000005,Wandoor,Wandoor,Kalikavu,1 - 4,04931280243,48515
Koithakundu GLPS,11.134268,76.329210000000003,Wandoor,Wandoor,Kalikavu,1 - 4,04931280041,48516
Kooripoyil GLPS,11.199852999999999,76.297753,Wandoor,Wandoor,Kalikavu,1 - 4,9745029594,48517
Maliyekkal GUPS,11.194906,76.308245999999997,Wandoor,Wandoor,Kalikavu,1 - 7,04931257250,48557
Mampattumoola GLPS,11.221496999999999,76.317111999999995,Wandoor,Wandoor,Kalikavu,1 - 4,04931260162,48519
Mampuzha GLPS,11.121202,76.312343999999996,Wandoor,Wandoor,Kalikavu,1 - 4,04931284898,48520
Mundakkode GLPS,11.103337,76.269120999999998,Wandoor,Wandoor,Kalikavu,1 - 4,04931284022,48521
Pallisseri GLPS,11.179967,76.303280999999998,Wandoor,Wandoor,Kalikavu,1 - 4,04931257006,48523
Pattanamkundu GLPS,11.157698999999999,76.179053999999994,Wandoor,Wandoor,Wandoor,1 - 4,04931325543,48524
Pazhayakadakkal GUPS,11.142177,76.347892000000002,Wandoor,Wandoor,Kalikavu,1 - 7,04931280670,48559
Pazhedam Panampoyil GLPS,11.21106,76.292804000000004,Wandoor,Wandoor,Wandoor,1 - 4,9446154409,48526
Pedayenthal GLPS,11.229359000000001,76.340070999999995,Wandoor,Wandoor,Kalikavu,1 - 4,9495227927,48522
Pookkulam GLPS,11.18966,76.234065999999999,Wandoor,Wandoor,Wandoor,1 - 4,9497114839,48527
Poongode GLPS,11.170318999999999,76.278983999999994,Wandoor,Wandoor,Kalikavu,1 - 4,04931236781,48528
Pullengode GMLPS,11.200585,76.337046999999998,Wandoor,Wandoor,Kalikavu,1 - 4,9809741865,48530
Pulvetta GLPS,11.113842999999999,76.338093000000001,Wandoor,Wandoor,Kalikavu,1 - 4,04931294747,48531
Santhinagar GLPS,11.208766000000001,76.260673999999995,Wandoor,Wandoor,Wandoor,1 - 4,04931236788,48532
Tharish GLPS,11.125284000000001,76.349710999999999,Wandoor,Wandoor,Kalikavu,1 - 4,9744031374,48533
Thiruvali GLPS,11.200862000000001,76.170913999999996,Wandoor,Wandoor,Wandoor,1 - 4,04832720688,48536
Thuvvur GLPS,11.111585,76.284165000000002,Wandoor,Wandoor,Kalikavu,1 - 4,9497872074,48538
Uthirampoyil GLPS,11.187986,76.326544999999996,Wandoor,Wandoor,Kalikavu,1 - 4,04931259033,48539
V.M.D Memorial Govt L.P.S Porur,11.163351,76.249634,Wandoor,Wandoor,Wandoor,1 - 4,,48529
Vaniyambalam CKAGLPS,11.188604,76.262534000000002,Wandoor,Wandoor,Wandoor,1 - 4,9495861257,48540
