School Name,Educational Sub-District,Block Name,School Code,Class 1 Total,Class 2 Total,Class 3 Total,Class 4 Total,Total (Classes 1-4)
GUPS Klari,Vengara,Vengara,19866,205,191,218,188,802
GLPS Kizhisseri,Kizhisseri,Areacode,18204,152,209,172,178,711
CHAKKEERI AHAMMED KUTTY MEMORIAL G.M.U.P.S.CHERUR,Vengara,Vengara,19862,123,143,170,172,608
G. U. P. S. Ariyallur,Parappanangadi,Tirurangadi,19439,125,153,182,116,576
G. L. P. S. Kalpakancheri,Kuttippuram,Kuttippuram,19317,125,127,129,137,518
G.M.U.P.S. Melmuri,Malappuram,,18474,120,127,144,100,491
G.M.U.P.S. Ozhukur,Kondotty,Malappuram,18375,95,123,126,138,482
G M L P S Karathode,Vengara,Vengara,19828,124,100,139,91,454
GLPS Orakam Kizhumuri,Vengara,Vengara,19855,94,112,129,117,452
G. U. P. S. Chamravattam,Tirur,Tirur,19769,87,102,139,115,443
G.M.U.P.S. Irumbuzhi,Malappuram,Malappuram,18472,99,99,121,102,421
GLPS Olakara,Vengara,Tirurangadi,19833,111,92,106,95,404
GMLPS Edakkaparamba,Vengara,Vengara,19808,79,109,129,86,403
G. M. U. P. S. BP Angadi,Tirur,Tirur,19767,79,84,113,109,385
G. M. L. P. S. Cherumukku,Tanur,Tirurangadi,19602,73,94,99,109,375
G. M. U. P. S. Tirur,Tirur,,19779,78,80,109,108,375
G.L.P.S. Paranki Moochikkal,Malappuram,Malappuram,18440,76,98,108,85,367
G.L.P.S. Manjeri,Manjeri,,18532,84,98,92,91,365
GMLPS C.U. Campus,Vengara,Tirurangadi,19805,55,68,123,115,361
G.L.P.S. Pookottur Old,Malappuram,Malappuram,18443,83,97,108,68,356
G. U. P. S. Karingappara,Tanur,Tanur,19667,62,96,84,113,355
G L P S Padinhattummuri,Mankada,Mankada,18657,85,81,94,94,354
G H S Meenadathur,Tanur,Tanur,19671,67,68,93,125,353
G H S Kuruka,Vengara,Vengara,19868,67,80,106,95,348
G. M. U. P. S. Kakkad,Parappanangadi,,19441,64,76,100,104,344
GLPS Thavarapparamba,Areacode,Areacode,48226,82,95,88,78,343
G. L. P. S. Thirurangadi,Parappanangadi,,19414,80,75,75,95,325
G U P S Pullur,Manjeri,,18574,68,69,103,84,324
G.H.S. Chaliyappuram,Kondotty,Kondotty,18368,49,73,97,103,322
G.M.U.P.S. Chirayil,Kondotty,,18373,56,70,102,93,321
GHS Kolappuram,Vengara,Vengara,19867,72,74,92,82,320
GUPS AR Nagar,Vengara,Vengara,19859,69,88,100,62,319
G U P S Mankada Pallippuram,Mankada,Mankada,18664,80,97,75,65,317
GMLPS Orakam Kizhmuri,Vengara,Vengara,19824,65,71,94,81,311
G. L. P. S. Tanur,Tanur,,19664,72,79,81,78,310
G.M.L.P.S. Kidangazhi,Manjeri,,18523,67,77,93,66,303
G.M.U.P.S. Arimbra,Kondotty,Malappuram,18365,65,70,82,81,298
G.L.P.S. Pandallur,Manjeri,Malappuram,18541,66,72,77,75,290
GMLPS Perinthalmanna Central,Perinthalmanna,,18730,74,62,81,73,290
G.M.U.P.S. Kottakkal,Malappuram,,18473,65,70,85,69,289
G. H. S. Trikkulam,Parappanangadi,,19451,64,76,69,72,281
GLPS Kuzhimanna,Kizhisseri,Areacode,18205,53,61,90,76,280
G. L. P. S. K.Puram,Tanur,Tanur,19660,42,69,77,92,280
GMUPS Kizhisseri,Kizhisseri,Areacode,18235,63,67,65,81,276
GMLPS Kilinakode,Vengara,Vengara,19814,63,65,72,71,271
G.M.L.P.S. Morayur,Kondotty,Malappuram,18332,49,69,69,82,269
G. M. U. P. S. Kodinhi,Tanur,Tirurangadi,19669,40,65,78,86,269
G. M. L. P. S. Cheruvannur,Tanur,Tanur,19605,56,74,64,74,268
G.M.L.P.S. Nenmini,Melattur,Perinthalmanna,48317,63,66,70,69,268
G. M. L. P. S. Korad,Tanur,Tanur,19616,62,68,67,69,266
G. M. L. P. S. Parappanangadi Town,Parappanangadi,Tirurangadi,19434,68,69,57,68,262
G L P S Mankada,Mankada,Mankada,18618,59,68,65,69,261
G. L. P. S. Ozhur,Tanur,Tanur,19662,43,71,63,84,261
GMLPS Pookalathur,Kizhisseri,Areacode,18221,61,62,64,72,259
G.M.L.P.S. Chappanangadi,Malappuram,Malappuram,18447,56,66,65,70,257
GUPS Valiyora,Vengara,Vengara,19872,49,70,65,73,257
G.M.L.P.S. Irumbuzhi,Malappuram,Malappuram,18448,61,68,63,64,256
GHS CHERIYAM MANKADA,Mankada,Mankada,18150,52,73,58,64,247
GMUPS Kannamangalam,Vengara,Vengara,19864,52,70,59,64,245
GHSS Peruvallur,Vengara,Tirurangadi,19073,50,62,67,64,243
G.U.P.S. Ponmala,Malappuram,Malappuram,18477,51,62,59,70,242
G. L. P. S. Karaikkad,Kuttippuram,Kuttippuram,19319,49,55,72,61,237
G M L P S Pandallur,Manjeri,Malappuram,18542,57,53,65,59,234
G M L P S Vadakkangara,Mankada,Mankada,18645,47,63,68,56,234
GLPS Nottappuram,Vengara,Vengara,19826,44,60,68,56,228
G.L.P.S. Melmuri North,Malappuram,,18438,45,67,61,54,227
G.M.U.P.S. Vazhakkad,Kondotty,Kondotty,18380,42,62,56,63,223
G L P S Othukkungal,Vengara,Malappuram,19820,44,55,63,61,223
G.L.P.S. Arimbra Melmuri,Kondotty,Malappuram,18305,55,57,46,64,222
G. L. P. S. Pariyapuram,Tanur,,19663,40,59,68,53,220
G.L.P.S. Vettathur,Kondotty,Kondotty,18362,44,45,68,62,219
G. H. S. S. Ponmundam,Tanur,Tanur,19119,41,44,63,69,217
G. H. S. Athavanad,Kuttippuram,Kuttippuram,19357,38,45,66,65,214
G.U.P.S. Veembur,Manjeri,,18583,52,49,58,54,213
G L P S Kuruva,Mankada,Mankada,18616,55,46,49,62,212
G. L. P. S. Chottur,Kuttippuram,Kuttippuram,19310,54,44,54,59,211
GMUPS Valapuram,Perinthalmanna,Perinthalmanna,18758,39,55,51,63,208
G. M. L. P. S. Thirurangadi,Parappanangadi,,19412,53,48,54,51,206
G. M. L. P. S. Kuttippala,Tanur,Tanur,19661,40,38,48,80,206
G.L.P.S. Morayur,Kondotty,Malappuram,18331,40,49,49,67,205
G. L. P. S. Parappanangadi,Parappanangadi,,19433,43,67,47,46,203
G. L. P. S. Thrikkanapuram,Edappal,Ponnani,19229,49,49,61,40,199
G. M. L. P. S. Tanur North,Tanur,,19640,45,40,64,48,197
G. U. P. S. Moonniyur,Parappanangadi,Tirurangadi,19443,38,44,61,50,193
GLPS Orakam Melmuri,Vengara,Vengara,19830,34,50,53,52,189
G. L. P. S. Kaladi,Edappal,Ponnani,19208,42,40,46,53,181
GLPS Parathakkad,Kizhisseri,Kondotty,18219,37,47,52,44,180
GUPS Moorkanad,Areacode,Areacode,48243,25,45,63,46,179
G. L. P. S. Anappadi,Parappanangadi,Tirurangadi,19401,37,44,53,44,178
G.M.U.P.S. Chemmankadavu,Malappuram,Malappuram,18471,33,39,49,55,176
GMLPS Iringallur,Vengara,Vengara,19809,40,51,43,40,174
G L P S Meenarkuzhi,Mankada,Mankada,18634,45,56,33,39,173
G. M. U. P. S. Tanur Town,Tanur,,19673,35,35,36,62,168
GLPS Valamangalam,Kizhisseri,Areacode,18226,42,39,52,33,166
G.L.P.S. Ramankulam,Manjeri,,18553,39,39,39,49,166
G.H.S.S Chullikkode,Kizhisseri,Kondotty,18138,38,32,52,35,157
GLPS Vilayil Parappur,Kizhisseri,Areacode,18230,34,35,48,38,155
G. F. L. P. S. Parappanangadi,Parappanangadi,,19408,37,39,34,44,154
G. M. L. P. S. Edakadappuram,Tanur,Tanur,19607,30,37,42,44,153
G. L. P. S. Perumparamba,Edappal,Ponnani,19222,34,38,33,46,151
G M L P S Mariyad,Manjeri,,18535,41,34,42,32,149
G. L. P. S. Venniyur,Parappanangadi,,19417,33,47,47,22,149
G. L. P. S. Perumparamba Moodal,Kuttippuram,Kuttippuram,19345,32,35,32,49,148
G. U. P. S. Randathani,Kuttippuram,Kuttippuram,19365,32,35,39,42,148
G.U.P.S. Manjeri,Manjeri,,18575,33,37,37,37,144
G. L. P. S. Kattilangadi,Kuttippuram,Kuttippuram,19321,34,36,43,30,143
GLPS Pulpatta,Kizhisseri,Areacode,18222,35,35,35,35,140
G.M.L.P.S. Pallikuth,Melattur,Perinthalmanna,48318,32,32,34,41,139
G.L.P.S. Thadathilparamba,Kondotty,Kondotty,18354,33,33,44,24,134
A. M. L. P. S. Kormanthala,Tanur,,19636,31,32,36,33,132
G H S S Kadungapuram,Mankada,Mankada,18078,16,33,34,48,131
G L P S Puthanangadi,Mankada,Perinthalmanna,18640,16,33,38,42,129
GMLPS Puthur,Vengara,Malappuram,19838,33,28,35,32,128
G. L. P. S. Kuttippuram North,Kuttippuram,Kuttippuram,19331,29,30,31,34,124
G.L.P.S. Kottakkal,Malappuram,,18436,31,28,29,32,120
G. M. L. P. S. Ponmundam South,Tanur,Tanur,19631,22,24,39,26,111
G. U. P. S. Pothanur,Edappal,Ponnani,19253,13,19,34,44,110
G.L.P.S. Panikkarapuraya,Kondotty,Kondotty,18346,14,24,33,36,107
G L P S Pothukundu,Mankada,Mankada,18637,23,32,19,32,106
G.M.U.P.S. Melakkam,Manjeri,,18576,23,16,34,32,105
G.L.P.S. Nediyiruppu,Kondotty,,18338,24,21,33,25,103
G. L. P. S. Rayirimangalam,Tanur,,19629,19,21,19,41,100
G. U. P. S. Painkannur,Kuttippuram,,19364,14,41,26,19,100
G L P S Palakaparambil,Mankada,Mankada,18626,17,34,21,27,99
GMLPS Mampuram,Vengara,Vengara,19822,13,23,24,38,98
G.V.H.S.S. Pullanur,Malappuram,Malappuram,18010,18,27,21,31,97
G. L. P. S. Mankeri,Kuttippuram,Kuttippuram,19335,18,18,32,29,97
G.W.U.P.S. Nediyiruppu,Kondotty,,18340,16,15,34,24,89
G. M. L. P. S. Rayirimangalam,Tanur,,19637,23,26,14,25,88
G.M.L.P.S. Kondotty,Kondotty,,18323,15,21,33,17,86
G. L. P. S. Edappal,Edappal,Ponnani,19206,16,23,16,25,80
G L P S Vallikkapatta,Mankada,Mankada,18651,27,23,10,19,79
G. L. P. S. Athippetta,Kuttippuram,Kuttippuram,19301,15,21,18,24,78
G. M. L. P. S. Ayirani,Kuttippuram,Kuttippuram,19304,17,22,18,20,77
G.M.L.P.S. Kondotty Chungam,Kondotty,,18322,15,17,17,23,72
G. M. L. P. S. Thalakadathur,Tanur,Tanur,19642,10,16,22,24,72
GLPS Kuniyil,Areacode,Areacode,48215,19,18,18,17,72
G.L.P.S. Narukara,Manjeri,,18538,16,20,14,21,71
G.M.L.P.S. Manjeri East,Manjeri,,18531,12,18,22,9,61
G.L.P.S. Arukizhaya,Manjeri,,18505,12,13,13,22,60
G.L.P.S. Karuvambrum West,Manjeri,,18521,14,10,15,19,58
G. F. L. P. S. Kadalundi,Parappanangadi,Tirurangadi,19429,15,15,19,9,58
GMLPS Cherur,Vengara,Vengara,19802,13,14,16,15,58
G. J. B. S. Vattamkulam,Edappal,Ponnani,19235,13,16,8,20,57
GLPS Thattancherimala,Vengara,Vengara,19841,13,15,10,18,56
G. M. L. P. S. Vettam Pallippuram,Tirur,Tirur,19740,8,18,13,17,56
G. L. P. S. Thuyyam,Edappal,Ponnani,19227,12,11,13,19,55
G.M.L.P.S. Kolmanna,Malappuram,,18449,11,14,13,16,54
G.L.P.S. Vadakkemanna,Malappuram,Malappuram,18444,7,18,14,15,54
GMLPS Kizhuparamba,Areacode,Areacode,48212,9,10,19,16,54
G.M.L.P.S. Nediyiruppu,Kondotty,,18339,10,14,9,17,50
GMLPS Kakkooth,Perinthalmanna,,18715,7,10,13,19,49
G.M.L.P.S. Manjeri,Manjeri,,18533,7,15,13,13,48
G. U. P. S. Cheruvayikkara,Ponnani,,19539,11,14,10,13,48
G. H. S. S. Maranchery,Ponnani,Perumpadappa,19054,8,11,12,16,47
G. L. P. S. Kulakkad,Kuttippuram,Kuttippuram,19327,6,13,13,12,44
G. L. P. S. Sukapuram,Edappal,Ponnani,19225,4,9,13,17,43
G. M. L. P. S. Valavannur,Tanur,Tanur,19646,15,9,7,11,42
G. H. S. S. Kadanchery,Edappal,Ponnani,19034,7,10,13,11,41
G.M.L.P.S. Manjeri South,Manjeri,,18534,7,6,9,12,34
G. L. P. S. Kanhiramukku,Ponnani,Perumpadappa,19533,5,7,7,5,24
G.G.H.S.S. Manjeri,Manjeri,,18023,2,1,7,9,19
