Sl No,Educational District,Educational Sub-District (AEO),School Code,UDISE Code,School Name,Classes Approved,Students 1-4,Students 5-7,LP School Assistant posts filled (Sametham),UP School Assistant posts filled (Sametham),Sanctioned LPSA posts (to be filled by PIO),Sanctioned UPSA posts (to be filled by PIO),Vacant LPSA posts (to be filled by PIO),Vacant UPSA posts (to be filled by PIO)
1,Malappuram,Kizhisseri,18011,,G H S S Kuzhimanna,5 - 12,0,88,0,5,,,,
2,Malappuram,Kizhisseri,18138,32050100915,G.H.S.S Chullikkode,1 - 12,157,135,8,6,,,,
3,Malappuram,Kizhisseri,18139,32050100916,Govt High School Muthuvallur,1 - 12,158,157,7,5,,,,
4,Malappuram,Kizhisseri,18204,32050100703,GLPS Kizhisseri,1 - 5,711,142,19,0,,,,
5,Malappuram,Kizhisseri,18205,32050100704,GLPS Kuzhimanna,1 - 4,280,0,10,0,,,,
6,Malappuram,Kizhisseri,18206,32050100705,GLPS Kuzhimanna II South,1 - 4,275,0,9,0,,,,
7,Malappuram,Kizhisseri,18217,32050100928,GLPS Parappur,1 - 4,93,0,3,0,,,,
8,Malappuram,Kizhisseri,18218,32050100809,GLPS Parapurathparamba,1 - 4,102,0,4,0,,,,
9,Malappuram,Kizhisseri,18219,32050100924,GLPS Parathakkad,1 - 4,180,0,5,0,,,,
10,Malappuram,Kizhisseri,18220,32050100804,GLPS Ponnad,1 - 4,324,0,11,0,,,,
11,Malappuram,Kizhisseri,18221,32050100602,GMLPS Pookalathur,1 - 4,259,0,7,0,,,,
12,Malappuram,Kizhisseri,18222,32050100601,GLPS Pulpatta,1 - 4,140,0,7,0,,,,
13,Malappuram,Kizhisseri,18223,32050100927,GMLPS Thavanur,1 - 4,223,0,8,0,,,,
14,Malappuram,Kizhisseri,18226,32050100603,GLPS Valamangalam,1 - 4,166,0,7,0,,,,
15,Malappuram,Kizhisseri,18228,32050100808,GLPS Vilayil,1 - 4,72,0,2,0,,,,
16,Malappuram,Kizhisseri,18230,32050100807,GLPS Vilayil Parappur,1 - 4,155,0,5,0,,,,
17,Malappuram,Kizhisseri,18232,32050100801,G U P S Cheecode,1 - 7,274,249,10,9,,,,
18,Malappuram,Kizhisseri,18234,32050100712,GUPS Kadungallur,1 - 7,206,226,11,6,,,,
19,Malappuram,Kizhisseri,18235,32050100701,GMUPS Kizhisseri,1 - 7,276,246,11,6,,,,
20,Malappuram,Kondotty,18008,,G.V.H.S.S. Kondotty,5 - 12,0,239,0,6,,,,
21,Malappuram,Kondotty,18072,,G.H.S.S. Kottappuram,5 - 12,0,228,0,4,,,,
22,Malappuram,Kondotty,18301,32050200316,G.M.L.P.S. Akkode,1 - 4,81,0,2,0,,,,
23,Malappuram,Kondotty,18302,32050200501,G.M.L.P.S. Alparamba,1 - 4,141,0,6,0,,,,
24,Malappuram,Kondotty,18305,32050200805,G.L.P.S. Arimbra Melmuri,1 - 4,222,0,8,0,,,,
25,Malappuram,Kondotty,18311,32050200307,G.L.P.S. Elamaram,1 - 4,59,0,3,0,,,,
26,Malappuram,Kondotty,18315,32050200106,G.M.L.P.S. Kanhiraparamba,1 - 4,222,0,8,0,,,,
27,Malappuram,Kondotty,18316,32050200201,G.L.P.S. Karad,1 - 4,267,0,9,0,,,,
28,Malappuram,Kondotty,18318,32050200612,G.M.L.P.S. Karippur,1 - 4,261,0,10,0,,,,
29,Malappuram,Kondotty,18322,32050200102,G.M.L.P.S. Kondotty Chungam,1 - 4,72,0,3,0,,,,
30,Malappuram,Kondotty,18323,32050200103,G.M.L.P.S. Kondotty,1 - 4,86,0,4,0,,,,
31,Malappuram,Kondotty,18326,32050200607,G.M.L.P.S. Kumminiparamba,1 - 4,170,0,6,0,,,,
32,Malappuram,Kondotty,18329,32050200303,G.M.L.P.S. Mapprom,1 - 4,84,0,2,0,,,,
33,Malappuram,Kondotty,18330,32050200105,G.M.L.P.S. Melangadi,1 - 4,344,0,12,0,,,,
34,Malappuram,Kondotty,18331,32050200804,G.L.P.S. Morayur,1 - 4,205,0,7,0,,,,
35,Malappuram,Kondotty,18332,32050200807,G.M.L.P.S. Morayur,1 - 4,269,0,8,0,,,,
36,Malappuram,Kondotty,18335,32050200314,G.L.P.S. Mundumuzhi,1 - 4,113,0,5,0,,,,
37,Malappuram,Kondotty,18338,32050200702,G.L.P.S. Nediyiruppu,1 - 5,103,32,6,0,,,,
38,Malappuram,Kondotty,18339,32050200707,G.M.L.P.S. Nediyiruppu,1 - 4,50,0,3,0,,,,
39,Malappuram,Kondotty,18340,32050200710,G.W.U.P.S. Nediyiruppu,1 - 7,89,69,5,2,,,,
40,Malappuram,Kondotty,18346,32050200305,G.L.P.S. Panikkarapuraya,1 - 4,107,0,5,0,,,,
41,Malappuram,Kondotty,18349,32050200407,G.L.P.S. Paravoor,1 - 4,54,0,2,0,,,,
42,Malappuram,Kondotty,18352,32050200408,G.L.P.S. Puthucode,1 - 4,208,0,7,0,,,,
43,Malappuram,Kondotty,18354,32050200510,G.L.P.S. Thadathilparamba,1 - 4,134,0,5,0,,,,
44,Malappuram,Kondotty,18356,32050200108,G.L.P.S. ThurakkaL,1 - 4,245,0,6,0,,,,
45,Malappuram,Kondotty,18360,32050200206,G.M.L.P.S. Vazhayur,1 - 4,77,0,4,0,,,,
46,Malappuram,Kondotty,18362,32050200302,G.L.P.S. Vettathur,1 - 4,219,0,7,0,,,,
47,Malappuram,Kondotty,18365,32050200817,G.M.U.P.S. Arimbra,1 - 7,298,429,9,7,,,,
48,Malappuram,Kondotty,18368,32050200301,G.H.S. Chaliyappuram,1 -10,322,340,11,10,,,,
49,Malappuram,Kondotty,18373,32050200706,G.M.U.P.S. Chirayil,1 - 7,321,732,15,20,,,,
50,Malappuram,Kondotty,18375,32050200801,G.M.U.P.S. Ozhukur,1 - 7,482,722,19,17,,,,
51,Malappuram,Kondotty,18380,32050200319,G.M.U.P.S. Vazhakkad,1 - 7,223,246,8,10,,,,
52,Malappuram,Kondotty,18384,,G.M.U.P.S. Kondotty,5 -7,0,811,0,20,,,,
53,Malappuram,Kondotty,18388,,G.U.P.S. Neerad,5 -7,0,142,0,4,,,,
54,Malappuram,Malappuram,18009,,GHSS POOKKOTTUR,5 - 12,0,412,0,15,,,,
55,Malappuram,Malappuram,18010,32051400211,G.V.H.S.S. Pullanur,1 - 12,97,99,2,5,,,,
56,Malappuram,Malappuram,18012,,G.G.H.S.S. Malappuram,5 - 12,0,265,0,5,,,,
57,Malappuram,Malappuram,18013,,G.B.H.S.S Malappuram,5 - 12,0,144,0,2,,,,
58,Malappuram,Malappuram,18032,,G.R.H.S.S Kottakkal,5 - 12,0,597,0,12,,,,
59,Malappuram,Malappuram,18434,32051400303,G.L.P.S. Choonur,1 - 4,166,0,6,0,,,,
60,Malappuram,Malappuram,18435,32051400502,G.L.P.S. Kodur,1 - 4,63,0,1,0,,,,
61,Malappuram,Malappuram,18436,32051400403,G.L.P.S. Kottakkal,1 - 4,120,0,2,0,,,,
62,Malappuram,Malappuram,18437,32051400632,G.L.P.S. Malappruam,1 - 4,261,0,8,0,,,,
63,Malappuram,Malappuram,18438,32051400708,G.L.P.S. Melmuri North,1 - 4,227,0,4,0,,,,
64,Malappuram,Malappuram,18439,32051400709,G.L.P.S. Melmuri South,1 - 4,86,0,4,0,,,,
65,Malappuram,Malappuram,18440,32051400304,G.L.P.S. Paranki Moochikkal,1 - 4,367,0,9,0,,,,
66,Malappuram,Malappuram,18441,32051400504,G.L.P.S. Peringottupulam,1 - 4,81,0,2,0,,,,
67,Malappuram,Malappuram,18442,32051400203,G.L.P.S. Pookottur New,1 - 4,214,0,8,0,,,,
68,Malappuram,Malappuram,18443,32051400204,G.L.P.S. Pookottur Old,1 - 4,356,0,11,0,,,,
69,Malappuram,Malappuram,18444,32051400505,G.L.P.S. Vadakkemanna,1 - 4,54,0,3,0,,,,
70,Malappuram,Malappuram,18446,32051400205,G.M.L.P.S. Athanikkal,1 - 4,69,0,3,0,,,,
71,Malappuram,Malappuram,18447,32051400302,G.M.L.P.S. Chappanangadi,1 - 4,257,0,9,0,,,,
72,Malappuram,Malappuram,18448,32051400109,G.M.L.P.S. Irumbuzhi,1 - 4,256,0,9,0,,,,
73,Malappuram,Malappuram,18449,32051400809,G.M.L.P.S. Kolmanna,1 - 4,54,0,3,0,,,,
74,Malappuram,Malappuram,18450,32051400503,G.M.L.P.S. Kuttasserikulamba,1 - 4,258,0,9,0,,,,
75,Malappuram,Malappuram,18451,32051400702,G.M.L.P.S. Melmuri Central,1 - 4,75,0,3,0,,,,
76,Malappuram,Malappuram,18452,32051400305,G.M.L.P.S. Ponmala,1 - 4,51,0,3,0,,,,
77,Malappuram,Malappuram,18461,32051400202,G.M.L.P.S. Pookottur,1 - 5,61,13,4,0,,,,
78,Malappuram,Malappuram,18471,32051400501,G.M.U.P.S. Chemmankadavu,1 - 7,176,557,8,15,,,,
79,Malappuram,Malappuram,18472,32051400101,G.M.U.P.S. Irumbuzhi,1 - 7,421,639,12,16,,,,
80,Malappuram,Malappuram,18473,32051400402,G.M.U.P.S. Kottakkal,1 - 7,289,431,11,8,,,,
81,Malappuram,Malappuram,18474,32051400633,G.M.U.P.S. Melmuri,1 - 7,491,404,15,8,,,,
82,Malappuram,Malappuram,18475,32051400401,G.U.P.S. Kottakkal,1 - 7,285,315,11,6,,,,
83,Malappuram,Malappuram,18476,32051400201,G.U.P.S. Muthiriparamba,1 - 7,262,223,9,2,,,,
84,Malappuram,Malappuram,18477,32051400301,G.U.P.S. Ponmala,1 - 7,242,348,9,8,,,,
85,Malappuram,Manjeri,18021,,G B H S S Manjeri,5 - 12,0,593,1,6,,,,
86,Malappuram,Manjeri,18023,32050600631,G.G.H.S.S. Manjeri,1 - 12,19,133,3,1,,,,
87,Malappuram,Manjeri,18027,,G H S S Pandikkad,5 - 12,0,857,0,19,,,,
88,Malappuram,Manjeri,18028,32050601405,G V H S S Nellikuth,1 - 12,198,695,8,18,,,,
89,Malappuram,Manjeri,18069,,S H M G V H S S Edavanna,5 - 12,0,277,0,9,,,,
90,Malappuram,Manjeri,18505,32050600605,G.L.P.S. Arukizhaya,1 - 4,60,0,1,0,,,,
91,Malappuram,Manjeri,18506,32050600202,G.L.P.S. Chalippadam,1 - 4,99,0,5,0,,,,
92,Malappuram,Manjeri,18507,32050600220,G.L.P.S. Chembakuth,1 - 4,53,0,2,0,,,,
93,Malappuram,Manjeri,18508,32050601003,G.L.P.S. Cherukulam,1 - 4,185,0,8,0,,,,
94,Malappuram,Manjeri,18510,32050601004,G.L.P.S. Cheruvannur,1 - 4,230,0,9,0,,,,
95,Malappuram,Manjeri,18514,32050600204,G.M.L.P.S. Edavanna,1 - 4,160,0,7,0,,,,
96,Malappuram,Manjeri,18515,32050600205,G.M.L.P.S. Eranhikode,1 - 4,162,0,8,0,,,,
97,Malappuram,Manjeri,18517,32050601101,G.M.L.P.S. Karakunnu,1 - 4,179,0,8,0,,,,
98,Malappuram,Manjeri,18521,32050600703,G.L.P.S. Karuvambrum West,1 - 4,58,0,3,0,,,,
99,Malappuram,Manjeri,18523,32050600704,G.M.L.P.S. Kidangazhi,1 - 4,303,0,12,0,,,,
100,Malappuram,Manjeri,18524,32050601218,G.L.P.S. Kizhakkuparamba,1 - 4,180,0,7,0,,,,
101,Malappuram,Manjeri,18525,32050600302,G.M.L.P.S. Kodasseri,1 - 4,378,0,10,0,,,,
102,Malappuram,Manjeri,18528,32050600705,G.M.L.P.S. Mangalasseri,1 - 4,322,0,11,0,,,,
103,Malappuram,Manjeri,18529,32050601005,G.M.L.P.S. Manhapatta,1 - 4,200,0,7,0,,,,
104,Malappuram,Manjeri,18531,32050600628,G.M.L.P.S. Manjeri East,1 - 4,61,0,3,0,,,,
105,Malappuram,Manjeri,18532,32050600608,G.L.P.S. Manjeri,1 - 4,365,0,15,0,,,,
106,Malappuram,Manjeri,18533,32050600609,G.M.L.P.S. Manjeri,1 - 4,48,0,3,0,,,,
107,Malappuram,Manjeri,18534,32050600610,G.M.L.P.S. Manjeri South,1 - 4,34,0,3,0,,,,
108,Malappuram,Manjeri,18535,32050600613,G M L P S Mariyad,1 - 4,149,0,3,0,,,,
109,Malappuram,Manjeri,18538,32050600706,G.L.P.S. Narukara,1 - 4,71,0,3,0,,,,
110,Malappuram,Manjeri,18539,32050601401,G.M.L.P.S. Nellikuth North,1 - 4,227,0,7,0,,,,
111,Malappuram,Manjeri,18540,32050601301,G.M.L.P.S. Odompatta,1 - 4,155,0,7,0,,,,
112,Malappuram,Manjeri,18541,32050601213,G.L.P.S. Pandallur,1 - 4,290,0,7,0,,,,
113,Malappuram,Manjeri,18542,32050601214,G M L P S Pandallur,1 - 4,234,0,7,0,,,,
114,Malappuram,Manjeri,18548,32050600207,G.M.L.P.S. Pathappiriyam,1 - 4,232,0,6,0,,,,
115,Malappuram,Manjeri,18551,32050600508,G.L.P.S. Pulath,1 - 4,181,0,7,0,,,,
116,Malappuram,Manjeri,18553,32050600707,G.L.P.S. Ramankulam,1 - 4,166,0,7,0,,,,
117,Malappuram,Manjeri,18554,32050601302,G.L.P.S. Theyyampadikuth,1 - 4,93,0,4,0,,,,
118,Malappuram,Manjeri,18555,32050601402,G.L.P.S. Thottupoyil,1 - 4,154,0,7,0,,,,
119,Malappuram,Manjeri,18557,32050600307,G.L.P.S. Valarad,1 - 4,136,0,4,0,,,,
120,Malappuram,Manjeri,18562,32050600618,G.U.P.S. Vettekkode,1 - 7,147,171,8,4,,,,
121,Malappuram,Manjeri,18563,32050600902,G.L.P.S. Vettikkattiri,1 - 4,107,0,4,0,,,,
122,Malappuram,Manjeri,18565,32050601002,G.L.P.S. Cherankuth,1 - 5,69,22,4,0,,,,
123,Malappuram,Manjeri,18566,32050600206,K.M Musthafa Memorial G.L.P.S. Mundengara,1 - 5,80,28,4,0,,,,
124,Malappuram,Manjeri,18567,32050600304,G.M.L.P.S. Pandikkad,1 - 5,152,27,6,0,,,,
125,Malappuram,Manjeri,18568,32050600305,G.L.P.S. Pookkuth,1 - 5,167,43,8,0,,,,
126,Malappuram,Manjeri,18569,32050600101,G.U.P.S. Anakkayam,1 - 7,146,268,7,4,,,,
127,Malappuram,Manjeri,18572,32050601001,G.U.P.S. Elankur,1 - 7,249,201,9,7,,,,
128,Malappuram,Manjeri,18574,32050600701,G U P S Pullur,1 - 7,324,611,11,14,,,,
129,Malappuram,Manjeri,18575,32050600716,G.U.P.S. Manjeri,1 - 7,144,158,8,8,,,,
130,Malappuram,Manjeri,18576,32050600603,G.M.U.P.S. Melakkam,1 - 7,105,111,4,1,,,,
131,Malappuram,Manjeri,18578,32050600201,G.U.P.S. Pathappiriyam,1 - 7,345,370,15,12,,,,
132,Malappuram,Manjeri,18583,32050600702,G.U.P.S. Veembur,1 - 7,213,275,8,9,,,,
133,Malappuram,Manjeri,18586,,Anakkayam GP Govt. UP School Pandallur,5 -7,0,946,0,23,,,,
134,Malappuram,Manjeri,18588,,G.M.U.P.S. Vettikattiri,5 -7,0,198,0,5,,,,
135,Malappuram,Manjeri,18590,32050600505,GLPS ANAKKOTTUPURAM,1 - 4,174,0,6,0,,,,
136,Malappuram,Manjeri,18592,32050600102,GMLP School ANAKKAYAM,1 - 4,57,0,2,0,,,,
137,Malappuram,Mankada,18065,,G H S S Mankada,5 - 12,0,419,0,8,,,,
138,Malappuram,Mankada,18078,32051500510,G H S S Kadungapuram,1 - 12,131,646,6,11,,,,
139,Malappuram,Mankada,18150,32051500201,GHS CHERIYAM MANKADA,1 -10,247,231,10,7,,,,
140,Malappuram,Mankada,18607,32051500506,G L P S Chovana,1 - 4,113,0,4,0,,,,
141,Malappuram,Mankada,18612,32051500205,G L P S Karkidakam,1 - 4,130,0,3,0,,,,
142,Malappuram,Mankada,18616,32051500402,G L P S Kuruva,1 - 4,212,0,8,0,,,,
143,Malappuram,Mankada,18618,32051500202,G L P S Mankada,1 - 4,261,0,10,0,,,,
144,Malappuram,Mankada,18626,32051500511,G L P S Palakaparambil,1 - 4,99,0,1,0,,,,
145,Malappuram,Mankada,18628,32051500411,G L P S Pang,1 - 4,111,0,4,0,,,,
146,Malappuram,Mankada,18634,32051500404,G L P S Meenarkuzhi,1 - 4,173,0,5,0,,,,
147,Malappuram,Mankada,18636,32051500105,G L P S Pooppalam Valambur,1 - 4,47,0,3,0,,,,
148,Malappuram,Mankada,18637,32051500606,G L P S Pothukundu,1 - 4,106,0,3,0,,,,
149,Malappuram,Mankada,18640,32051500101,G L P S Puthanangadi,1 - 4,129,0,4,0,,,,
150,Malappuram,Mankada,18645,32051500607,G M L P S Vadakkangara,1 - 4,234,0,8,0,,,,
151,Malappuram,Mankada,18651,32051500306,G L P S Vallikkapatta,1 - 4,79,0,4,0,,,,
152,Malappuram,Mankada,18653,32051500213,G L P S Vellila,1 - 4,326,0,11,0,,,,
153,Malappuram,Mankada,18657,32051500302,G L P S Padinhattummuri,1 - 5,354,84,15,0,,,,
154,Malappuram,Mankada,18660,32051500303,G U P S Koottilangadi,1 - 7,230,259,8,4,,,,
155,Malappuram,Mankada,18664,32051500301,G U P S Mankada Pallippuram,1 - 7,317,330,11,7,,,,
156,Malappuram,Mankada,18666,32051500407,Govt. U P School Pang,1 - 7,279,614,13,16,,,,
157,Malappuram,Mankada,18674,,G U P S Panagangara,5 -7,0,340,0,10,,,,
158,Malappuram,Mankada,18677,,MPGUP SCHOOL VADAKKANGARA,5 -7,0,482,0,16,,,,
159,Malappuram,Perinthalmanna,18057,,G H S S Pulamanthole,5 - 12,0,353,0,7,,,,
160,Malappuram,Perinthalmanna,18058,,G H S S Perintalmanna,5 - 12,0,216,0,3,,,,
161,Malappuram,Perinthalmanna,18075,,G H S S Kunnakkavu,5 - 12,0,381,0,11,,,,
162,Malappuram,Perinthalmanna,18097,32050500215,G H S Aliparamba,1 - 12,95,114,5,6,,,,
163,Malappuram,Perinthalmanna,18705,32050500801,GLPS Arakkuparamba,1 - 4,158,0,7,0,,,,
164,Malappuram,Perinthalmanna,18715,32050500101,GMLPS Kakkooth,1 - 4,49,0,2,0,,,,
165,Malappuram,Perinthalmanna,18716,32050500401,GLPS Kunnakkavu,1 - 4,338,0,13,0,,,,
166,Malappuram,Perinthalmanna,18717,32050500802,GLPS Kappumugham,1 - 4,129,0,5,0,,,,
167,Malappuram,Perinthalmanna,18723,32050500803,GMLPS Muthiramanna,1 - 4,69,0,1,0,,,,
168,Malappuram,Perinthalmanna,18725,32050500804,GLPS Pallikunnu,1 - 4,170,0,7,0,,,,
169,Malappuram,Perinthalmanna,18728,32050500402,GLPS Parakkalmukku,1 - 4,75,0,3,0,,,,
170,Malappuram,Perinthalmanna,18730,32050500102,GMLPS Perinthalmanna Central,1 - 4,290,0,8,0,,,,
171,Malappuram,Perinthalmanna,18731,32050500103,GLPS Perinthalmanna East,1 - 4,171,0,5,0,,,,
172,Malappuram,Perinthalmanna,18732,32050500104,GLPS Perinthalmanna West,1 - 4,50,0,3,0,,,,
173,Malappuram,Perinthalmanna,18736,32050500805,GMLPS Puthur,1 - 4,231,0,9,0,,,,
174,Malappuram,Perinthalmanna,18737,32050500806,GMLPS Thazhekode,1 - 4,511,0,16,0,,,,
175,Malappuram,Perinthalmanna,18739,32050500201,GMLPS Thootha,1 - 4,153,0,4,0,,,,
176,Malappuram,Perinthalmanna,18758,32050500701,GMUPS Valapuram,1 - 7,208,379,10,9,,,,
177,Thirurangadi,Parappanangadi,19008,,G. H. S. S. Tirurangadi,5 - 12,0,422,0,13,,,,
178,Thirurangadi,Parappanangadi,19401,32051200101,G. L. P. S. Anappadi,1 - 4,178,0,8,0,,,,
179,Thirurangadi,Parappanangadi,19408,32051200102,G. F. L. P. S. Parappanangadi,1 - 4,154,0,8,0,,,,
180,Thirurangadi,Parappanangadi,19410,32051200108,G. M. U. P. S. Puthan Kadappuram,1 - 7,105,156,6,5,,,,
181,Thirurangadi,Parappanangadi,19412,32051200202,G. M. L. P. S. Thirurangadi,1 - 4,206,0,7,0,,,,
182,Thirurangadi,Parappanangadi,19414,32051200201,G. L. P. S. Thirurangadi,1 - 4,325,0,11,0,,,,
183,Thirurangadi,Parappanangadi,19417,32051200203,G. L. P. S. Venniyur,1 - 4,149,0,4,0,,,,
184,Thirurangadi,Parappanangadi,19429,32051200301,G. F. L. P. S. Kadalundi,1 - 5,58,31,3,0,,,,
185,Thirurangadi,Parappanangadi,19430,32051200520,G. L .P. S. Melodiparamba,1 - 4,71,0,2,0,,,,
186,Thirurangadi,Parappanangadi,19432,32051200104,G. M. L. P. S. Parappanangadi,1 - 4,153,0,7,0,,,,
187,Thirurangadi,Parappanangadi,19433,32051200103,G. L. P. S. Parappanangadi,1 - 5,203,42,9,0,,,,
188,Thirurangadi,Parappanangadi,19434,32051200105,G. M. L. P. S. Parappanangadi Town,1 - 5,262,48,8,1,,,,
189,Thirurangadi,Parappanangadi,19435,32051200316,G. L. P. S. Vallikunnu,1 - 5,64,14,4,0,,,,
190,Thirurangadi,Parappanangadi,19436,32051200501,G. M. L. P. S. Velimukku,1 - 5,121,34,7,0,,,,
191,Thirurangadi,Parappanangadi,19439,32051200302,G. U. P. S. Ariyallur,1 - 7,576,673,15,13,,,,
192,Thirurangadi,Parappanangadi,19441,32051200205,G. M. U. P. S. Kakkad,1 - 7,344,375,15,13,,,,
193,Thirurangadi,Parappanangadi,19443,32051200503,G. U. P. S. Moonniyur,1 - 7,193,237,8,5,,,,
194,Thirurangadi,Parappanangadi,19445,32051200106,GHS Neduva,1 -10,137,330,9,9,,,,
195,Thirurangadi,Parappanangadi,19447,32051200502,G. M. U. P. S. Parakkadavu,1 - 7,524,651,14,15,,,,
196,Thirurangadi,Parappanangadi,19449,32051200207,G. W. U. P. S. Trikkulam,1 - 7,194,170,6,5,,,,
197,Thirurangadi,Parappanangadi,19451,32051200206,G. H. S. Trikkulam,1 -10,281,432,10,11,,,,
198,Thirurangadi,Parappanangadi,19453,32051200204,G. M. U. P. S. Venniyur,1 - 7,832,1124,17,16,,,,
199,Thirurangadi,Tanur,19024,32051100118,G. H. S. S. Kattilangadi,1 - 12,278,394,13,13,,,,
200,Thirurangadi,Tanur,19026,,D. G. H. S. S. Tanur,5 - 12,0,892,0,24,,,,
201,Thirurangadi,Tanur,19067,,G. H. S. S. Cheriyamundam,5 - 12,0,114,0,3,,,,
202,Thirurangadi,Tanur,19119,32051100501,G. H. S. S. Ponmundam,1 - 12,217,365,10,12,,,,
203,Thirurangadi,Tanur,19602,32051100303,G. M. L. P. S. Cherumukku,1 - 4,375,0,13,0,,,,
204,Thirurangadi,Tanur,19605,32051100601,G. M. L. P. S. Cheruvannur,1 - 4,268,0,10,0,,,,
205,Thirurangadi,Tanur,19607,32051100102,G. M. L. P. S. Edakadappuram,1 - 4,153,0,7,0,,,,
206,Thirurangadi,Tanur,19609,32051100403,G. M. L. P. S. Iringavoor,1 - 4,69,0,3,0,,,,
207,Thirurangadi,Tanur,19611,32051101006,G. L. P. S. Klari West,1 - 4,86,0,3,0,,,,
208,Thirurangadi,Tanur,19613,32051100602,G. L. P. S. Kanmanam,1 - 4,103,0,3,0,,,,
209,Thirurangadi,Tanur,19616,32051100702,G. M. L. P. S. Korad,1 - 4,266,0,9,0,,,,
210,Thirurangadi,Tanur,19619,32051100703,G. M. L. P. S. Manalipuzha,1 - 4,68,0,3,0,,,,
211,Thirurangadi,Tanur,19622,32051100302,G. L. P. S. Nannambra,1 - 4,106,0,4,0,,,,
212,Thirurangadi,Tanur,19624,32051100103,G. M. L. P. S. Panangattur,1 - 4,163,0,7,0,,,,
213,Thirurangadi,Tanur,19626,32051100404,G. M. L. P. S. Parapputhadam,1 - 4,73,0,3,0,,,,
214,Thirurangadi,Tanur,19629,32051101103,G. L. P. S. Rayirimangalam,1 - 4,100,0,4,0,,,,
215,Thirurangadi,Tanur,19631,32051100405,G. M. L. P. S. Ponmundam South,1 - 4,111,0,4,0,,,,
216,Thirurangadi,Tanur,19633,32051100105,G. M. L. P. S. Puthiyakadppuram North,1 - 4,200,0,8,0,,,,
217,Thirurangadi,Tanur,19635,32051100108,G. L. P. S. Rayirimangalam East,1 - 4,175,0,7,0,,,,
218,Thirurangadi,Tanur,19636,32051100114,A. M. L. P. S. Kormanthala,1 - 4,132,0,7,0,,,,
219,Thirurangadi,Tanur,19637,32051100107,G. M. L. P. S. Rayirimangalam,1 - 4,88,0,4,0,,,,
220,Thirurangadi,Tanur,19640,32051100110,G. M. L. P. S. Tanur North,1 - 4,197,0,8,0,,,,
221,Thirurangadi,Tanur,19642,32051100406,G. M. L. P. S. Thalakadathur,1 - 4,72,0,3,0,,,,
222,Thirurangadi,Tanur,19644,32051100304,G. M. L. P. S. Thiruthy,1 - 4,60,0,3,0,,,,
223,Thirurangadi,Tanur,19646,32051100603,G. M. L. P. S. Valavannur,1 - 4,42,0,3,0,,,,
224,Thirurangadi,Tanur,19660,32051100202,G. L. P. S. K.Puram,1 - 5,280,81,15,0,,,,
225,Thirurangadi,Tanur,19661,32051101009,G. M. L. P. S. Kuttippala,1 - 5,206,51,8,0,,,,
226,Thirurangadi,Tanur,19662,32051100704,G. L. P. S. Ozhur,1 - 5,261,66,11,0,,,,
227,Thirurangadi,Tanur,19663,32051101102,G. L. P. S. Pariyapuram,1 - 5,220,51,9,0,,,,
228,Thirurangadi,Tanur,19664,32051100117,G. L. P. S. Tanur,1 - 5,310,107,15,0,,,,
229,Thirurangadi,Tanur,19667,32051100717,G. U. P. S. Karingappara,1 - 7,355,479,14,11,,,,
230,Thirurangadi,Tanur,19669,32051100301,G. M. U. P. S. Kodinhi,1 - 7,269,621,10,12,,,,
231,Thirurangadi,Tanur,19671,32051100201,G H S Meenadathur,1 -10,353,577,17,15,,,,
232,Thirurangadi,Tanur,19673,32051100129,G. M. U. P. S. Tanur Town,1 - 7,168,434,8,14,,,,
233,Thirurangadi,Tanur,19679,,G. M. U. P. S. Cheerankadappuram,5 -7,0,573,1,14,,,,
234,Thirurangadi,Tanur,19686,,K. P. N. M. U. P. S. Tanur,5 -7,0,127,0,5,,,,
235,Thirurangadi,Tanur,19699,32051100908,G. U. P. S Niramaruthur,1 - 7,294,699,11,18,,,,
236,Thirurangadi,Vengara,19002,,G M H S S C U Campus,5 - 12,0,379,0,7,,,,
237,Thirurangadi,Vengara,19013,,GVHSS Vengara,5 - 12,0,276,0,10,,,,
238,Thirurangadi,Vengara,19014,32051300115,GMVHSS Vengara Town,1 - 12,132,365,8,12,,,,
239,Thirurangadi,Vengara,19073,32051301019,GHSS Peruvallur,1 - 12,243,363,8,12,,,,
240,Thirurangadi,Vengara,19077,32051300513,GHSS Puthuparamba,1 - 12,555,533,19,11,,,,
241,Thirurangadi,Vengara,19802,32051300916,GMLPS Cherur,1 - 4,58,0,3,0,,,,
242,Thirurangadi,Vengara,19804,32051300308,GMLPS Cherukunnu,1 - 4,82,0,3,0,,,,
243,Thirurangadi,Vengara,19805,32051300806,GMLPS C.U. Campus,1 - 4,361,0,12,0,,,,
244,Thirurangadi,Vengara,19808,32051300915,GMLPS Edakkaparamba,1 - 4,403,0,13,0,,,,
245,Thirurangadi,Vengara,19809,32051300407,GMLPS Iringallur,1 - 4,174,0,7,0,,,,
246,Thirurangadi,Vengara,19810,32051300914,GLPS Kannamangalam,1 - 4,67,0,3,0,,,,
247,Thirurangadi,Vengara,19812,32051300502,GLPS Klari,1 - 4,173,0,7,0,,,,
248,Thirurangadi,Vengara,19814,32051300910,GMLPS Kilinakode,1 - 4,271,0,11,0,,,,
249,Thirurangadi,Vengara,19816,32051301020,GMLPS Koomanna,1 - 4,223,0,7,0,,,,
250,Thirurangadi,Vengara,19818,32051300214,GLPS Kodalikundu,1 - 4,117,0,5,0,,,,
251,Thirurangadi,Vengara,19820,32051300301,G L P S Othukkungal,1 - 4,223,0,7,0,,,,
252,Thirurangadi,Vengara,19822,32051300721,GMLPS Mampuram,1 - 4,98,0,4,0,,,,
253,Thirurangadi,Vengara,19824,32051300215,GMLPS Orakam Kizhmuri,1 - 4,311,0,10,0,,,,
254,Thirurangadi,Vengara,19826,32051300909,GLPS Nottappuram,1 - 4,228,0,8,0,,,,
255,Thirurangadi,Vengara,19828,32051300216,G M L P S Karathode,1 - 4,454,0,11,0,,,,
256,Thirurangadi,Vengara,19830,32051300220,GLPS Orakam Melmuri,1 - 4,189,0,7,0,,,,
257,Thirurangadi,Vengara,19833,32051301021,GLPS Olakara,1 - 4,404,0,11,1,,,,
258,Thirurangadi,Vengara,19836,32051301012,GLPS Peruvallur,1 - 4,183,0,7,0,,,,
259,Thirurangadi,Vengara,19838,32051300307,GMLPS Puthur,1 - 4,128,0,5,0,,,,
260,Thirurangadi,Vengara,19840,32051300703,GLPS Pukayur,1 - 4,164,0,7,0,,,,
261,Thirurangadi,Vengara,19841,32051300120,GLPS Thattancherimala,1 - 4,56,0,3,0,,,,
262,Thirurangadi,Vengara,19853,32051300831,GMLPS Koyappa,1 - 5,89,22,3,0,,,,
263,Thirurangadi,Vengara,19855,32051300221,GLPS Orakam Kizhumuri,1 - 5,452,131,18,0,,,,
264,Thirurangadi,Vengara,19856,32051301011,GLPS Parambilpeedika,1 - 4,754,0,19,0,,,,
265,Thirurangadi,Vengara,19859,32051300705,GUPS AR Nagar,1 - 7,319,314,10,5,,,,
266,Thirurangadi,Vengara,19862,32051300913,CHAKKEERI AHAMMED KUTTY MEMORIAL G.M.U.P.S.CHERUR,1 - 7,608,719,20,16,,,,
267,Thirurangadi,Vengara,19863,32051300413,G U P S Cholakundu,1 - 7,263,335,8,11,,,,
268,Thirurangadi,Vengara,19864,32051300917,GMUPS Kannamangalam,1 - 7,245,262,8,7,,,,
269,Thirurangadi,Vengara,19866,32051300616,GUPS Klari,1 - 7,802,1088,14,19,,,,
270,Thirurangadi,Vengara,19867,32051300706,GHS Kolappuram,1 -10,320,281,11,9,,,,
271,Thirurangadi,Vengara,19868,32051300117,G H S Kuruka,1 -10,348,445,16,14,,,,
272,Thirurangadi,Vengara,19871,32051300802,GUPS Thenhippalam,1 - 7,255,379,8,10,,,,
273,Thirurangadi,Vengara,19872,32051300116,GUPS Valiyora,1 - 7,257,265,12,6,,,,
274,Thirurangadi,Vengara,19881,,GUPS Mundothuparamba,5 -7,0,649,0,15,,,,
275,Tirur,Edappal,19034,32050700709,G. H. S. S. Kadanchery,1 - 12,41,165,1,6,,,,
276,Tirur,Edappal,19043,,P. C. N. G. H. S. S. Mookkuthala,5 - 12,0,509,0,12,,,,
277,Tirur,Edappal,19063,32050700115,G.H. S. S. Kokkur,1 - 12,113,226,5,10,,,,
278,Tirur,Edappal,19201,32050700102,G. L. P. S. Alankode,1 - 4,44,0,1,0,,,,
279,Tirur,Edappal,19205,32050700103,G. L. P. S. Chiyanur,1 - 4,83,0,2,0,,,,
280,Tirur,Edappal,19206,32050700202,G. L. P. S. Edappal,1 - 4,80,0,4,0,,,,
281,Tirur,Edappal,19208,32050700711,G. L. P. S. Kaladi,1 - 4,181,0,6,0,,,,
282,Tirur,Edappal,19210,32050700401,Padikkal KalyaniAMMA Memorial G L P S Kallurma,1 - 4,55,0,3,0,,,,
283,Tirur,Edappal,19214,32050700402,G. L. P. S. Mookkuthala,1 - 4,180,0,7,0,,,,
284,Tirur,Edappal,19216,32050700501,G. B. L. P. S. Mudur,1 - 4,75,0,1,0,,,,
285,Tirur,Edappal,19218,32050700712,G. L. P. S. Nariparamba,1 - 4,34,0,3,0,,,,
286,Tirur,Edappal,19220,32050700403,G. M. L. P. S. Pallikara,1 - 4,35,0,2,0,,,,
287,Tirur,Edappal,19222,32050700205,G. L. P. S. Perumparamba,1 - 4,151,0,6,0,,,,
288,Tirur,Edappal,19223,32050700206,G. L. P. S. Polpakkara,1 - 4,39,0,3,0,,,,
289,Tirur,Edappal,19225,32050700502,G. L. P. S. Sukapuram,1 - 4,43,0,1,0,,,,
290,Tirur,Edappal,19227,32050700207,G. L. P. S. Thuyyam,1 - 4,55,0,2,0,,,,
291,Tirur,Edappal,19229,32050700307,G. L. P. S. Thrikkanapuram,1 - 4,199,0,5,0,,,,
292,Tirur,Edappal,19231,32050700404,Uliyathu Aboobacker Memmorial G. L. P. S. Vadakkummuri,1 - 4,68,0,2,0,,,,
293,Tirur,Edappal,19233,32050700416,G. M. L. P. S. Vadakkummuri,1 - 4,25,0,3,0,,,,
294,Tirur,Edappal,19235,32050700503,G. J. B. S. Vattamkulam,1 - 4,57,0,2,0,,,,
295,Tirur,Edappal,19243,32050700204,Govt L.P.School Kololomba,1 - 5,30,13,3,0,,,,
296,Tirur,Edappal,19244,32050700305,G. H. W. L. P. S. Maravancheri,1 - 5,137,29,4,0,,,,
297,Tirur,Edappal,19246,32050700203,G. M. U. P. S. Edappal,1 - 7,96,219,4,6,,,,
298,Tirur,Edappal,19249,32050700217,G. U. P. S. Kololamba,1 - 7,114,231,4,7,,,,
299,Tirur,Edappal,19251,32050700101,G. U. P. S. Othalur,1 - 7,66,114,4,4,,,,
300,Tirur,Edappal,19253,32050700717,G. U. P. S. Pothanur,1 - 7,110,147,7,4,,,,
301,Tirur,Edappal,19254,32050700302,K. M. G. U. P. S. Thavanur,1 - 7,317,420,14,12,,,,
302,Tirur,Edappal,19255,32050700303,G. U. P. S. Vellanchery,1 - 7,122,110,6,4,,,,
303,Tirur,Kuttippuram,19022,,G. V. H. S. S. Kalpakanchery,5 - 12,0,795,0,23,,,,
304,Tirur,Kuttippuram,19040,,G. H. S. S. Kuttippuram,5 - 12,0,183,0,7,,,,
305,Tirur,Kuttippuram,19042,32050800618,G. H. S. S. Perassannur,1 - 12,145,228,7,5,,,,
306,Tirur,Kuttippuram,19301,32050800208,G. L. P. S. Athippetta,1 - 4,78,0,1,0,,,,
307,Tirur,Kuttippuram,19304,32050800702,G. M. L. P. S. Ayirani,1 - 4,77,0,3,0,,,,
308,Tirur,Kuttippuram,19306,32050800617,G. L. P. S. Chellur,1 - 4,170,0,7,0,,,,
309,Tirur,Kuttippuram,19308,32050800501,G. L. P. S. Cheruparamba,1 - 4,212,0,6,0,,,,
310,Tirur,Kuttippuram,19310,32050800106,G. L. P. S. Chottur,1 - 4,211,0,6,0,,,,
311,Tirur,Kuttippuram,19312,32050800309,G. W. L. P. S. Irimbliyam,1 - 4,109,0,3,0,,,,
312,Tirur,Kuttippuram,19313,32050800502,G. M. L. P. S. Kallarmangalam,1 - 4,157,0,5,0,,,,
313,Tirur,Kuttippuram,19315,32050800704,G. M. L. P. S. Kalpakancheri,1 - 4,53,0,3,0,,,,
314,Tirur,Kuttippuram,19317,32050800703,G. L. P. S. Kalpakancheri,1 - 4,518,0,12,0,,,,
315,Tirur,Kuttippuram,19319,32050800503,G. L. P. S. Karaikkad,1 - 4,237,0,8,0,,,,
316,Tirur,Kuttippuram,19321,32050800107,G. L. P. S. Kattilangadi,1 - 4,143,0,7,0,,,,
317,Tirur,Kuttippuram,19322,32050800402,G. L. P. S. Kattipparuthi,1 - 4,69,0,2,0,,,,
318,Tirur,Kuttippuram,19324,32050800705,G. M. L. P. S. Kanancheri,1 - 4,82,0,2,0,,,,
319,Tirur,Kuttippuram,19327,32050800607,G. L. P. S. Kulakkad,1 - 4,44,0,3,0,,,,
320,Tirur,Kuttippuram,19329,32050800609,G. L. P. S. Kuttippuram,1 - 4,21,0,2,0,,,,
321,Tirur,Kuttippuram,19331,32050800606,G. L. P. S. Kuttippuram North,1 - 4,124,0,5,0,,,,
322,Tirur,Kuttippuram,19332,32050800706,G. M. L. P. S. Manhachola,1 - 4,64,0,3,0,,,,
323,Tirur,Kuttippuram,19333,32050800610,G. L. P. S. Maniyankad,1 - 4,47,0,3,0,,,,
324,Tirur,Kuttippuram,19335,32050800310,G. L. P. S. Mankeri,1 - 4,97,0,4,0,,,,
325,Tirur,Kuttippuram,19337,32050800504,G. L. P. S. Melmuri,1 - 4,174,0,7,0,,,,
326,Tirur,Kuttippuram,19339,32050800902,G. L. P. S. Naduvattam,1 - 4,222,0,6,0,,,,
327,Tirur,Kuttippuram,19341,32050800707,G. M. L. P. S. Parappuram,1 - 4,77,0,4,0,,,,
328,Tirur,Kuttippuram,19343,32050800708,G. M. L. P. S. Paravannur,1 - 4,41,0,3,0,,,,
329,Tirur,Kuttippuram,19345,32050800608,G. L. P. S. Perumparamba Moodal,1 - 4,148,0,5,0,,,,
330,Tirur,Kuttippuram,19348,32050800209,G. L. P. S. Vadakkumbram,1 - 4,237,0,9,0,,,,
331,Tirur,Kuttippuram,19350,32050800403,G. M. L. P. S. Valancheri,1 - 4,46,0,1,0,,,,
332,Tirur,Kuttippuram,19357,32050800101,G. H. S. Athavanad,1 -10,214,434,9,16,,,,
333,Tirur,Kuttippuram,19359,32050800103,G. M. H. S. Karippole,1 -10,328,404,9,13,,,,
334,Tirur,Kuttippuram,19363,32050800102,G. U. P. S. Koodasseri,1 - 7,245,285,10,8,,,,
335,Tirur,Kuttippuram,19364,32050800401,G. U. P. S. Painkannur,1 - 7,100,183,4,4,,,,
336,Tirur,Kuttippuram,19365,32050800701,G. U. P. S. Randathani,1 - 7,148,264,8,4,,,,
337,Tirur,Ponnani,19045,32050900510,G. H. S. S. Trikkavu,1 - 12,142,216,6,9,,,,
338,Tirur,Ponnani,19054,32050900317,G. H. S. S. Maranchery,1 - 12,47,316,4,7,,,,
339,Tirur,Ponnani,19055,,G. H. S. S. Veliancode,5 - 12,0,83,0,4,,,,
340,Tirur,Ponnani,19506,32050900502,G. F. L. P. S. Ponnani,1 - 4,41,0,3,0,,,,
341,Tirur,Ponnani,19507,32050900503,G. M. L. P. S. Ponnani Town,1 - 4,34,0,3,0,,,,
342,Tirur,Ponnani,19509,32050900307,G. L. P. S. Purang,1 - 4,165,0,5,0,,,,
343,Tirur,Ponnani,19512,32050900110,G. L. P. S. Theyyangad,1 - 4,458,0,17,0,,,,
344,Tirur,Ponnani,19514,32050900203,G. L. P. S. Veliyancode New,1 - 4,183,0,8,0,,,,
345,Tirur,Ponnani,19516,32050900202,G. L. P. S. Veliyancode Gramam,1 - 4,47,0,3,0,,,,
346,Tirur,Ponnani,19519,32050900204,G. M. L. P. S. Veliyancode,1 - 4,89,0,3,0,,,,
347,Tirur,Ponnani,19533,32050900313,G. L. P. S. Kanhiramukku,1 - 5,24,6,4,0,,,,
348,Tirur,Ponnani,19535,32050900501,G. F. L. P. S. Puthuponnani,1 - 5,43,22,4,0,,,,
349,Tirur,Ponnani,19536,32050900205,G. F. L. P. S. Veliyancode,1 - 5,129,34,8,0,,,,
350,Tirur,Ponnani,19537,32050900504,G. L. P. S. Velleri,1 - 5,57,19,3,0,,,,
351,Tirur,Ponnani,19539,32050900101,G. U. P. S. Cheruvayikkara,1 - 7,48,98,4,3,,,,
352,Tirur,Ponnani,19541,32050900408,G. F. U. P. S. Palapetty,1 - 7,134,140,7,5,,,,
353,Tirur,Ponnani,19543,32050900215,G. M. U. P. S. Veliyancode South,1 - 7,299,296,11,8,,,,
354,Tirur,Ponnani,19544,32050900517,G. F. U. P. S. Kadavanad,1 - 7,227,299,9,9,,,,
355,Tirur,Ponnani,19556,32050900103,GLPS Kadavanad,1 - 4,84,0,4,0,,,,
356,Tirur,Tirur,19016,,G. B. H. S. S. Tirur,5 - 12,0,405,0,11,,,,
357,Tirur,Tirur,19020,,Govt.V. H. S. S for Girls. Tirur,5 - 12,0,103,0,6,,,,
358,Tirur,Tirur,19704,32051000402,G. L. P. S. B. P. Angadi,1 - 4,121,0,9,0,,,,
359,Tirur,Tirur,19707,32051000301,G. M. L. P. S. Edakkulam,1 - 4,116,0,6,0,,,,
360,Tirur,Tirur,19710,32051000302,G. M. L. P. S. Kaithakkara,1 - 4,35,0,3,0,,,,
361,Tirur,Tirur,19713,32051000713,G. M. L. P. S. Kuttayi North,1 - 4,42,0,3,0,,,,
362,Tirur,Tirur,19716,32051000714,G. M. L. P. S. Kuttayi South,1 - 4,101,0,4,0,,,,
363,Tirur,Tirur,19719,32051000707,G. M. L. P. S. Mangalam,1 - 4,56,0,3,0,,,,
364,Tirur,Tirur,19721,32051000403,G. L. P. S. Mangattiri,1 - 4,48,0,3,0,,,,
365,Tirur,Tirur,19723,32051000204,G. M. L. P. S. Muttannur,1 - 4,141,0,7,0,,,,
366,Tirur,Tirur,19725,32051000504,G. M. L. P. S. Pachattiri,1 - 4,119,0,5,0,,,,
367,Tirur,Tirur,19727,32051000303,G. M. L. P. S. SouthPallar,1 - 4,91,0,4,0,,,,
368,Tirur,Tirur,19730,32051000404,G. L. P. S. Thekkankuttur,1 - 4,38,0,3,0,,,,
369,Tirur,Tirur,19732,32051000603,G. L. P. S. Thekkummuri,1 - 4,115,0,5,0,,,,
370,Tirur,Tirur,19734,32051000304,G. L. P. S. Thiruthi,1 - 4,41,0,2,0,,,,
371,Tirur,Tirur,19736,32051000645,G. L. P. S. Thrikandiyur,1 - 4,99,0,5,0,,,,
372,Tirur,Tirur,19738,32051000305,G. M. L. P. S. Valiya Parappur,1 - 4,152,0,6,0,,,,
373,Tirur,Tirur,19740,32051000102,G. M. L. P. S. Vettam Pallippuram,1 - 4,56,0,3,0,,,,
374,Tirur,Tirur,19764,32051000646,G. L. P. S. Annara,1 - 5,70,23,4,0,,,,
375,Tirur,Tirur,19765,32051000205,G. W. L. P. S. Purathur,1 - 5,59,14,4,0,,,,
376,Tirur,Tirur,19767,32051000401,G. M. U. P. S. BP Angadi,1 - 7,385,666,13,14,,,,
377,Tirur,Tirur,19769,32051000101,G. U. P. S. Chamravattam,1 - 7,443,611,13,13,,,,
378,Tirur,Tirur,19774,32051000201,G. M. U. P. S. Edakkanad,1 - 7,169,235,8,6,,,,
379,Tirur,Tirur,19775,32051000202,G. U. P. S. Purathur,1 - 7,470,643,17,18,,,,
380,Tirur,Tirur,19777,32051000203,G. U. P. S. Purathupadinjarekkara,1 - 7,184,184,8,7,,,,
381,Tirur,Tirur,19779,32051000601,G. M. U. P. S. Tirur,1 - 7,375,564,14,13,,,,
382,Tirur,Tirur,19781,32051000524,G. M. U. P. S. Paravanna,1 - 7,306,305,11,6,,,,
383,Wandoor,Areacode,48001,,G H S S Areacode,5 - 12,0,255,0,7,,,,
384,Wandoor,Areacode,48090,,G V H S S Kizhuparamba,5 - 12,0,205,1,7,,,,
385,Wandoor,Areacode,48134,32050101102,G. H. S Pannippara,1 -10,301,543,13,16,,,,
386,Wandoor,Areacode,48137,32050100303,G H S Vettilappara,1 -10,256,318,11,9,,,,
387,Wandoor,Areacode,48140,32050100202,GHS Vadasseri,1 -10,284,360,9,11,,,,
388,Wandoor,Areacode,48141,32050100401,G H S Perakamanna,1 -10,245,415,9,9,,,,
389,Wandoor,Areacode,48202,32050100103,GMLPS Areacode West,1 - 4,44,0,3,0,,,,
390,Wandoor,Areacode,48203,32050100104,GLPS Chemrakattur,1 - 4,340,0,10,0,,,,
391,Wandoor,Areacode,48205,32050100203,G L P S Chengara,1 - 4,228,0,7,0,,,,
392,Wandoor,Areacode,48210,32050100204,GLPS Kavanur,1 - 4,244,0,7,0,,,,
393,Wandoor,Areacode,48212,32050100507,GMLPS Kizhuparamba,1 - 4,54,0,2,0,,,,
394,Wandoor,Areacode,48213,32050100508,GLPS Kizhuparamba South,1 - 4,58,0,2,0,,,,
395,Wandoor,Areacode,48214,32050100105,GLPS Kozhakottur,1 - 4,208,0,6,0,,,,
396,Wandoor,Areacode,48215,32050100501,GLPS Kuniyil,1 - 4,72,0,3,0,,,,
397,Wandoor,Areacode,48216,32050100502,GLPS Kuniyil South,1 - 4,242,0,8,0,,,,
398,Wandoor,Areacode,48217,32050100307,GLPS Kuthuparamba,1 - 4,136,0,7,0,,,,
399,Wandoor,Areacode,48219,32050101101,GLPS Palappatta,1 - 4,102,0,2,0,,,,
400,Wandoor,Areacode,48221,32050100503,G L P S Pathanapuram,1 - 4,65,0,3,0,,,,
401,Wandoor,Areacode,48222,32050100309,GLPS Pavanna,1 - 4,99,0,3,0,,,,
402,Wandoor,Areacode,48224,32050100106,GMLPS Puthalam,1 - 4,115,0,4,0,,,,
403,Wandoor,Areacode,48225,32050100306,GLPS Thachanna,1 - 4,326,0,11,0,,,,
404,Wandoor,Areacode,48226,32050100205,GLPS Thavarapparamba,1 - 4,343,0,10,0,,,,
405,Wandoor,Areacode,48227,32050100308,GLPS Thencheri,1 - 4,278,0,8,1,,,,
406,Wandoor,Areacode,48237,32050100101,GMUPS Areacode,1 - 7,342,327,9,9,,,,
407,Wandoor,Areacode,48238,32050100305,GUPS Chundathumpoyil,1 - 7,61,52,4,2,,,,
408,Wandoor,Areacode,48242,32050100317,GUPS Maithra,1 - 7,256,351,10,10,,,,
409,Wandoor,Areacode,48243,32050100302,GUPS Moorkanad,1 - 7,179,722,9,18,,,,
410,Wandoor,Areacode,48244,32050100102,GMUPS Mundambra,1 - 7,340,294,13,8,,,,
411,Wandoor,Areacode,48245,32050100301,G U P S Odakkayam,1 - 7,23,22,4,2,,,,
412,Wandoor,Areacode,48253,,GUPS Chengara,5 -7,0,503,0,14,,,,
413,Wandoor,Areacode,48276,32050100520,G L P S West Pathanapuram,1 - 4,61,0,4,0,,,,
414,Wandoor,Melattur,48063,,G.H.S.S. Pattikkad,5 - 12,0,317,0,8,,,,
415,Wandoor,Melattur,48136,,C K H M G.H.S. Edappatta,5 - 10,0,178,0,7,,,,
416,Wandoor,Melattur,48139,32050500901,G.H.S. Kappu,1 -10,350,413,12,13,,,,
417,Wandoor,Melattur,48304,32050500303,G.L.P.S. Cheriparamba,1 - 4,132,0,5,0,,,,
418,Wandoor,Melattur,48309,32050500902,G.L.P.S. Kara,1 - 4,142,0,7,0,,,,
419,Wandoor,Melattur,48310,32050500602,G.L.P.S. Kizhakkumpadam,1 - 4,139,0,5,0,,,,
420,Wandoor,Melattur,48315,32050500903,G.L.P.S. Melkulangara,1 - 4,69,0,3,0,,,,
421,Wandoor,Melattur,48317,32050500502,G.M.L.P.S. Nenmini,1 - 4,268,0,6,0,,,,
422,Wandoor,Melattur,48318,32050500904,G.M.L.P.S. Pallikuth,1 - 4,139,0,6,0,,,,
423,Wandoor,Melattur,48319,32050500305,G.L.P.S. Pathirikode,1 - 4,55,0,3,0,,,,
424,Wandoor,Melattur,48320,32050500306,G.L.P.S. Kombamkallu,1 - 4,92,0,4,0,,,,
425,Wandoor,Melattur,48321,32050500503,G.L.P.S. Pattikkad,1 - 4,242,0,8,0,,,,
426,Wandoor,Melattur,48323,32050500307,G.L.P.S. Pezhumthara,1 - 4,51,0,3,0,,,,
427,Wandoor,Melattur,48326,32050500609,M.P.G.L.P.S. Puthanpally,1 - 4,76,0,2,0,,,,
428,Wandoor,Melattur,48328,32050500905,G.L.P.S. Thelakkad,1 - 4,82,0,3,0,,,,
429,Wandoor,Melattur,48329,32050500504,G.L.P.S. Valayapuram,1 - 4,34,0,3,0,,,,
430,Wandoor,Melattur,48330,32050500601,G.L.P.S. Chemmaniyode,1 - 5,201,44,9,0,,,,
431,Wandoor,Melattur,48333,32050500522,G.M.U.P.S. Oravambram,1 - 7,244,349,8,11,,,,
432,Wandoor,Melattur,48339,32050500304,G.L.P.S. Edappatta,1 - 4,74,0,3,0,,,,
433,Wandoor,Nilambur,48035,,G M V H S S Nilambur,5 - 12,0,84,0,4,,,,
434,Wandoor,Nilambur,48077,32050402605,G H S S Moothedath,1 - 12,248,263,11,5,,,,
435,Wandoor,Nilambur,48100,32050400206,GHSS Edakkara,1 - 12,259,374,9,13,,,,
436,Wandoor,Nilambur,48129,32050400720,I G M M R S Nilambur,1 - 12,64,129,2,0,,,,
437,Wandoor,Nilambur,48138,32050402703,GHS Munderi,1 -10,155,255,7,7,,,,
438,Wandoor,Nilambur,48144,32050400103,GHS Marutha,1 -10,319,385,11,12,,,,
439,Wandoor,Nilambur,48401,32050400805,Amarambalam GLPS,1 - 4,134,0,6,0,,,,
440,Wandoor,Nilambur,48406,32050402601,Cholamunda GLPS,1 - 4,188,0,8,0,,,,
441,Wandoor,Nilambur,48407,32050400407,Chungathara G L P S,1 - 4,149,0,6,0,,,,
442,Wandoor,Nilambur,48408,32050400411,GLPS Chungathara Panchayath,1 - 4,132,0,5,0,,,,
443,Wandoor,Nilambur,48410,32050402503,Edivanna Estate GLPS,1 - 4,217,0,6,0,,,,
444,Wandoor,Nilambur,48411,32050400705,Karimbuzha GMLPS,1 - 4,173,0,6,0,,,,
445,Wandoor,Nilambur,48413,32050400905,GMLPS Panthalingal,1 - 4,79,0,3,0,,,,
446,Wandoor,Nilambur,48414,32050400904,GLPS Kattumunda East,1 - 4,345,0,11,0,,,,
447,Wandoor,Nilambur,48415,32050400806,Kavalamukkatta GLPS,1 - 4,156,0,6,0,,,,
448,Wandoor,Nilambur,48416,32050402505,Konamunda GLPS,1 - 4,153,0,6,0,,,,
449,Wandoor,Nilambur,48419,32050400107,Mamankara GLPS,1 - 4,506,0,14,0,,,,
450,Wandoor,Nilambur,48420,32050400906,Mampad North GMLPS,1 - 4,151,0,6,0,,,,
451,Wandoor,Nilambur,48422,32050400706,Mankuth GLPS,1 - 4,94,0,3,0,,,,
452,Wandoor,Nilambur,48423,32050400907,GLPS Meppadam,1 - 4,111,0,6,0,,,,
453,Wandoor,Nilambur,48425,32050402507,Mooleppadam GLPS,1 - 4,6,0,0,0,,,,
454,Wandoor,Nilambur,48426,32050400707,GMLPS Mukkatta,1 - 4,75,0,3,0,,,,
455,Wandoor,Nilambur,48429,32050400908,Naduvakkad GLPS,1 - 4,64,0,3,0,,,,
456,Wandoor,Nilambur,48430,32050402609,Nedungayam GTLPS,1 - 4,5,0,1,0,,,,
457,Wandoor,Nilambur,48431,32050400708,GMLPS Nilambur,1 - 4,533,0,15,0,,,,
458,Wandoor,Nilambur,48435,32050400202,Pathirippadam GLPS,1 - 4,167,0,7,0,,,,
459,Wandoor,Nilambur,48436,32050400807,Payampadam GLPS,1 - 4,79,0,3,0,,,,
460,Wandoor,Nilambur,48437,32050402506,Perumbathur GLPS,1 - 4,65,0,3,0,,,,
461,Wandoor,Nilambur,48439,32050402705,Poolappadam GLPS,1 - 4,146,0,5,0,,,,
462,Wandoor,Nilambur,48441,32050400909,Pullippadam GLPS,1 - 4,157,0,4,0,,,,
463,Wandoor,Nilambur,48445,32050400910,Vadapuram GMLPS,1 - 4,112,0,3,0,,,,
464,Wandoor,Nilambur,48446,32050402504,Valanthode GTLPS,1 - 4,25,0,2,0,,,,
465,Wandoor,Nilambur,48447,32050400606,Varikkal GLPS,1 - 4,132,0,5,0,,,,
466,Wandoor,Nilambur,48448,32050400709,Veettikuth GLPS,1 - 4,262,0,9,0,,,,
467,Wandoor,Nilambur,48450,32050400111,Vendekkumpotty GLPS,1 - 4,76,0,4,0,,,,
468,Wandoor,Nilambur,48452,32050400801,Amarambalam South GUPS,1 - 7,152,234,6,5,,,,
469,Wandoor,Nilambur,48455,32050400407,Eranhimangad GUPS,1 - 7,270,410,12,10,,,,
470,Wandoor,Nilambur,48457,32050400401,Kurumbalangode GUPS,1 - 7,286,417,6,8,,,,
471,Wandoor,Nilambur,48463,32050402501,Myladi GUPS,1 - 7,176,139,7,3,,,,
472,Wandoor,Nilambur,48466,32050400701,Nilambur GMUPS,1 - 7,121,307,6,8,,,,
473,Wandoor,Nilambur,48468,32050400448,Pallikuth GUPS,1 - 7,146,143,7,5,,,,
474,Wandoor,Nilambur,48469,32050402605,Paramba G U P S,1 - 7,368,483,14,11,,,,
475,Wandoor,Nilambur,48478,,Kattumunda East GUPS,5 -7,0,770,0,18,,,,
476,Wandoor,Nilambur,48479,,Konnamanna GUPS,5 -7,0,97,0,2,,,,
477,Wandoor,Nilambur,48482,,Pulliyil GUPS,5 -7,0,540,0,16,,,,
478,Wandoor,Wandoor,48038,,G H S S Pullangode,5 - 12,0,285,0,10,,,,
479,Wandoor,Wandoor,48047,,VMCGHSS Wandoor,5 - 12,0,325,0,6,,,,
480,Wandoor,Wandoor,48049,32050300610,G G V H S S Wandoor,1 - 12,134,251,8,8,,,,
481,Wandoor,Wandoor,48050,,G H S S Vaniyambalam,5 - 12,0,439,0,11,,,,
482,Wandoor,Wandoor,48051,,G H S S Thiruvali,5 - 12,0,541,1,9,,,,
483,Wandoor,Wandoor,48052,,G H S S Karuvarakundu,5 - 12,0,764,2,14,,,,
484,Wandoor,Wandoor,48135,32050300601,GHS Kappilkarad,1 -10,97,132,6,6,,,,
485,Wandoor,Wandoor,48501,32050300123,Adakkakundu GLPS,1 - 4,160,0,4,0,,,,
486,Wandoor,Wandoor,48502,32050300403,Akkarakulam GLPS,1 - 4,200,0,6,0,,,,
487,Wandoor,Wandoor,48504,32050300807,Amapoyil GLPS,1 - 4,202,0,7,0,,,,
488,Wandoor,Wandoor,48510,32050300709,Chokkad Girijan Colony GLPS,1 - 4,10,0,1,0,,,,
489,Wandoor,Wandoor,48512,32050300712,Kallamoola GLPS,1 - 4,176,0,7,0,,,,
490,Wandoor,Wandoor,48513,32050300202,Karuvarakundu GLPS,1 - 4,511,0,14,0,,,,
491,Wandoor,Wandoor,48515,32050300204,Kizhakkethala GLPS,1 - 4,169,0,6,0,,,,
492,Wandoor,Wandoor,48516,32050300901,Koithakundu GLPS,1 - 4,192,0,3,0,,,,
493,Wandoor,Wandoor,48517,32050300110,Kooripoyil GLPS,1 - 4,140,0,7,0,,,,
494,Wandoor,Wandoor,48519,32050300711,Mampattumoola GLPS,1 - 4,336,0,10,0,,,,
495,Wandoor,Wandoor,48520,32050300402,Mampuzha GLPS,1 - 4,338,0,9,0,,,,
496,Wandoor,Wandoor,48521,32050300404,Mundakkode GLPS,1 - 4,108,0,2,0,,,,
497,Wandoor,Wandoor,48522,32050300708,Pedayenthal GLPS,1 - 4,66,0,3,0,,,,
498,Wandoor,Wandoor,48523,32050300806,Pallisseri GLPS,1 - 4,116,0,3,0,,,,
499,Wandoor,Wandoor,48524,32050300501,Pattanamkundu GLPS,1 - 4,82,0,4,0,,,,
500,Wandoor,Wandoor,48525,32050300205,Payyakode GLPS,1 - 4,40,0,3,0,,,,
501,Wandoor,Wandoor,48526,32050300602,Pazhedam Panampoyil GLPS,1 - 4,285,0,9,0,,,,
502,Wandoor,Wandoor,48527,32050300603,Pookkulam GLPS,1 - 4,202,0,7,0,,,,
503,Wandoor,Wandoor,48528,32050300805,Poongode GLPS,1 - 4,313,0,9,0,,,,
504,Wandoor,Wandoor,48529,32050300503,V.M.D Memorial Govt L.P.S Porur,1 - 4,116,0,5,0,,,,
505,Wandoor,Wandoor,48530,32050300707,Pullengode GMLPS,1 - 4,192,0,7,0,,,,
506,Wandoor,Wandoor,48531,32050300206,Pulvetta GLPS,1 - 4,290,0,7,0,,,,
507,Wandoor,Wandoor,48532,32050300604,Santhinagar GLPS,1 - 4,315,0,6,0,,,,
508,Wandoor,Wandoor,48533,32050300228,Tharish GLPS,1 - 4,446,0,11,0,,,,
509,Wandoor,Wandoor,48536,32050300302,Thiruvali GLPS,1 - 4,397,0,9,0,,,,
510,Wandoor,Wandoor,48538,32050300405,Thuvvur GLPS,1 - 4,445,0,13,0,,,,
511,Wandoor,Wandoor,48539,32050300115,Uthirampoyil GLPS,1 - 4,129,0,5,0,,,,
512,Wandoor,Wandoor,48540,32050300605,Vaniyambalam CKAGLPS,1 - 4,402,0,12,0,,,,
513,Wandoor,Wandoor,48545,32050300301,Chadangamkulam GLPS,1 - 5,253,73,10,0,,,,
514,Wandoor,Wandoor,48549,32050300804,G.H.S Anchachavadi,1 -10,452,443,18,11,,,,
515,Wandoor,Wandoor,48551,32050300710,Chokkad GMUPS,1 - 7,206,210,8,5,,,,
516,Wandoor,Wandoor,48553,32050300103,Kalikavu Bazar G M U P S,1 - 7,639,563,19,12,,,,
517,Wandoor,Wandoor,48557,32050300104,Maliyekkal GUPS,1 - 7,282,228,10,6,,,,
518,Wandoor,Wandoor,48558,32050300401,G H S Neelanchery,1 -10,346,324,9,11,,,,
519,Wandoor,Wandoor,48559,32050300905,Pazhayakadakkal GUPS,1 - 7,375,275,10,10,,,,
